Model,Featurizer,Transformation,Training_dataset,Mode,AUC_avg,AUC_std,Repeat_1,Repeat_2,Repeat_3,Repeat_4,Repeat_5,Repeat_6,Repeat_7,Repeat_8,Repeat_9,Repeat_10
GaussianNB,concat_w_o,original,1440_pairs,Standard,0.67714979,0.013056899,0.699385097,0.689576681,0.660262085,0.669414498,0.669414498,0.687347855,0.69291992,0.669043027,0.663233853,0.670900383
KNeighborsClassifier,concat_w_o,original,1440_pairs,Standard,0.574971152,0.007229608,0.579534318,0.58433973,0.56665929,0.567714426,0.584094717,0.583272739,0.572998008,0.574582688,0.563462268,0.573053334
DecisionTreeClassifier,concat_w_o,original,1440_pairs,Standard,0.617951535,0.013466238,0.617985521,0.615519585,0.619471405,0.636171793,0.600423635,0.611433404,0.619842876,0.595475957,0.642605356,0.620585818
RandomForestClassifier,concat_w_o,original,1440_pairs,Standard,0.858720085,0.00728331,0.858445828,0.840781196,0.859749929,0.870162973,0.863725459,0.858722456,0.863203819,0.861532199,0.854442635,0.856434352
MLPClassifier,concat_w_o,original,1440_pairs,Standard,0.826255098,0.00775674,0.835485758,0.829708198,0.825384907,0.813671714,0.829739812,0.814430464,0.831265215,0.827099997,0.818872309,0.836892605
LinearSVC,concat_w_o,original,1440_pairs,Standard,0.839684961,0.00841553,0.847728494,0.85228099,0.838338971,0.837959597,0.830846322,0.835248648,0.843689735,0.847791723,0.822373621,0.840591508
GaussianNB,concat_w_o,original,1440_pairs,Stratified,0.691121447,0.006901194,0.688833739,0.685075559,0.703558218,0.690959818,0.681167209,0.682281622,0.70058645,0.692176978,0.694397901,0.692176978
KNeighborsClassifier,concat_w_o,original,1440_pairs,Stratified,0.575898644,0.01064457,0.588911985,0.579032437,0.580162657,0.584727008,0.572156271,0.585367203,0.577933831,0.559632955,0.553902817,0.577159274
DecisionTreeClassifier,concat_w_o,original,1440_pairs,Stratified,0.625324049,0.010153843,0.642605356,0.620957289,0.620585818,0.617495495,0.617866966,0.641862413,0.615266669,0.62701938,0.634685909,0.614895198
RandomForestClassifier,concat_w_o,original,1440_pairs,Stratified,0.866752948,0.005549562,0.872735607,0.866796023,0.873008283,0.857813537,0.858789637,0.867669375,0.869431886,0.868471594,0.860141159,0.872672378
MLPClassifier,concat_w_o,original,1440_pairs,Stratified,0.833212671,0.007803416,0.832197844,0.839279504,0.820342386,0.836655496,0.832063482,0.831154564,0.838694635,0.823211407,0.848874522,0.829652872
LinearSVC,concat_w_o,original,1440_pairs,Stratified,0.83983513,0.007186625,0.828174892,0.837572318,0.837762006,0.841302836,0.831367962,0.836766147,0.84952262,0.837003256,0.848582087,0.850297177
GaussianNB,concat_w_o,original,1440_pairs,LODO,0.484753881,0,0.484753881,0.484753881,0.484753881,0.484753881,0.484753881,0.484753881,0.484753881,0.484753881,0.484753881,0.484753881
KNeighborsClassifier,concat_w_o,original,1440_pairs,LODO,0.594132339,0,0.594132339,0.594132339,0.594132339,0.594132339,0.594132339,0.594132339,0.594132339,0.594132339,0.594132339,0.594132339
DecisionTreeClassifier,concat_w_o,original,1440_pairs,LODO,0.549888559,0.014100992,0.586070627,0.554155733,0.548836584,0.541912997,0.551808353,0.528302931,0.548212197,0.554155733,0.541541526,0.543888906
RandomForestClassifier,concat_w_o,original,1440_pairs,LODO,0.726000205,0.007339525,0.722147577,0.733208719,0.719768581,0.738089216,0.729051405,0.718255035,0.723103917,0.717195947,0.722313553,0.736868104
MLPClassifier,concat_w_o,original,1440_pairs,LODO,0.696379343,0.004896331,0.700033195,0.686573298,0.695338434,0.698902975,0.691355,0.699424615,0.691671145,0.703755809,0.696998198,0.699740761
LinearSVC,concat_w_o,original,1440_pairs,LODO,0.752642186,0.001587644,0.756259682,0.753556637,0.752797888,0.752339477,0.751699282,0.754101989,0.751256679,0.750995858,0.752647719,0.750766653
GaussianNB,concat_w_o,original,1440_pairs,LOEO,0.486358319,5.55E-17,0.486358319,0.486358319,0.486358319,0.486358319,0.486358319,0.486358319,0.486358319,0.486358319,0.486358319,0.486358319
KNeighborsClassifier,concat_w_o,original,1440_pairs,LOEO,0.550243432,0,0.550243432,0.550243432,0.550243432,0.550243432,0.550243432,0.550243432,0.550243432,0.550243432,0.550243432,0.550243432
DecisionTreeClassifier,concat_w_o,original,1440_pairs,LOEO,0.565665012,0.007584728,0.559846353,0.567765799,0.573709336,0.573709336,0.557127502,0.574689387,0.554780121,0.557008947,0.573337865,0.564675477
RandomForestClassifier,concat_w_o,original,1440_pairs,LOEO,0.819457968,0.003434704,0.815315671,0.814620151,0.821642534,0.819093611,0.820425374,0.819220069,0.827676962,0.818089849,0.818247921,0.820247542
MLPClassifier,concat_w_o,original,1440_pairs,LOEO,0.666540735,0.003751203,0.67109007,0.672749834,0.660451772,0.666893238,0.661329076,0.666498056,0.66980968,0.664846195,0.667019696,0.664719737
LinearSVC,concat_w_o,original,1440_pairs,LOEO,0.786139389,0.001244783,0.783835478,0.787842623,0.787708261,0.784886662,0.785590086,0.787463248,0.785597989,0.785511049,0.786103822,0.786854668
GaussianNB,concat_w_o,original,1440_pairs,External,0.5,0,0.5,0.5,0.5,0.5,0.5,0.5,0.5,0.5,0.5,0.5
KNeighborsClassifier,concat_w_o,original,1440_pairs,External,0.578947368,1.11E-16,0.578947368,0.578947368,0.578947368,0.578947368,0.578947368,0.578947368,0.578947368,0.578947368,0.578947368,0.578947368
DecisionTreeClassifier,concat_w_o,original,1440_pairs,External,0.582967836,0.037651876,0.548976608,0.630847953,0.565789474,0.60380117,0.630116959,0.591374269,0.526315789,0.629385965,0.56505848,0.538011696
RandomForestClassifier,concat_w_o,original,1440_pairs,External,0.778179825,0.028839294,0.800804094,0.770833333,0.763523392,0.758406433,0.801169591,0.777777778,0.766081871,0.796418129,0.828581871,0.718201754
MLPClassifier,concat_w_o,original,1440_pairs,External,0.488230994,0.008577586,0.494883041,0.501461988,0.48245614,0.483187135,0.497807018,0.497076023,0.472953216,0.484649123,0.485380117,0.48245614
LinearSVC,concat_w_o,original,1440_pairs,External,0.426900585,0.004299837,0.423245614,0.432748538,0.426900585,0.42251462,0.436403509,0.423976608,0.427631579,0.423245614,0.424707602,0.427631579
GaussianNB,concat_w_o,standardization,1440_pairs,Standard,0.683739053,0.009324885,0.678566912,0.680052796,0.679309854,0.684138978,0.67213335,0.700214979,0.670900383,0.684257532,0.697867598,0.689948152
KNeighborsClassifier,concat_w_o,standardization,1440_pairs,Standard,0.6158547,0.011246258,0.625790364,0.608109924,0.63108185,0.615381272,0.614685751,0.603051595,0.627426417,0.592737346,0.618791692,0.621490784
DecisionTreeClassifier,concat_w_o,standardization,1440_pairs,Standard,0.629023743,0.009279546,0.63840062,0.630852645,0.644952736,0.630481174,0.628133793,0.623557586,0.637657678,0.610943378,0.622814644,0.622443173
RandomForestClassifier,concat_w_o,standardization,1440_pairs,Standard,0.862611441,0.004308885,0.860876197,0.870012804,0.860022604,0.862903481,0.864251051,0.854608612,0.859370554,0.867056843,0.866859252,0.860153014
MLPClassifier,concat_w_o,standardization,1440_pairs,Standard,0.819680061,0.012866484,0.821377762,0.844258797,0.807483165,0.793651797,0.819148936,0.811853878,0.830522272,0.819860264,0.824215169,0.824428567
LinearSVC,concat_w_o,standardization,1440_pairs,Standard,0.79081281,0.009468342,0.792466251,0.796860675,0.783108343,0.796180962,0.777251747,0.809798931,0.787265657,0.797074073,0.790450824,0.77767064
GaussianNB,concat_w_o,standardization,1440_pairs,Stratified,0.694273814,0.010910723,0.699843508,0.694034333,0.668671556,0.699843508,0.701329392,0.691062565,0.702815276,0.680052796,0.701898454,0.703186747
KNeighborsClassifier,concat_w_o,standardization,1440_pairs,Stratified,0.61865812,0.012502415,0.63051674,0.601293035,0.613737315,0.642858272,0.60910183,0.603533717,0.62626063,0.621340615,0.611038222,0.626900825
DecisionTreeClassifier,concat_w_o,standardization,1440_pairs,Stratified,0.628577977,0.017952306,0.628505264,0.659424299,0.62701938,0.612547817,0.630481174,0.599309222,0.629129651,0.65781986,0.611433404,0.630109703
RandomForestClassifier,concat_w_o,standardization,1440_pairs,Stratified,0.866599617,0.00406513,0.870107648,0.8718504,0.865630236,0.865404982,0.859414024,0.863002276,0.866187443,0.872134931,0.86244507,0.869819165
MLPClassifier,concat_w_o,standardization,1440_pairs,Stratified,0.824223863,0.007543883,0.826704815,0.814098511,0.818706332,0.820745471,0.823179792,0.843436818,0.819212165,0.822673959,0.824807942,0.828672821
LinearSVC,concat_w_o,standardization,1440_pairs,Stratified,0.781562391,0.017591973,0.789897569,0.774627739,0.765254023,0.808415795,0.795398501,0.759033859,0.763799753,0.767095571,0.782887041,0.809214062
GaussianNB,concat_w_o,standardization,1440_pairs,LODO,0.484753881,0,0.484753881,0.484753881,0.484753881,0.484753881,0.484753881,0.484753881,0.484753881,0.484753881,0.484753881,0.484753881
KNeighborsClassifier,concat_w_o,standardization,1440_pairs,LODO,0.596685214,1.11E-16,0.596685214,0.596685214,0.596685214,0.596685214,0.596685214,0.596685214,0.596685214,0.596685214,0.596685214,0.596685214
DecisionTreeClassifier,concat_w_o,standardization,1440_pairs,LODO,0.554946097,0.012149812,0.546117733,0.565536973,0.56442256,0.558984857,0.554527204,0.540664222,0.565165502,0.566026999,0.528050014,0.559964908
RandomForestClassifier,concat_w_o,standardization,1440_pairs,LODO,0.731051026,0.00870109,0.725617274,0.738788688,0.736603332,0.716990452,0.741053081,0.72856138,0.724400114,0.73944469,0.719191616,0.739859631
MLPClassifier,concat_w_o,standardization,1440_pairs,LODO,0.658218204,0.014052956,0.638629825,0.673777307,0.669604186,0.658626031,0.680202965,0.645284689,0.661392305,0.668134109,0.640708482,0.645822137
LinearSVC,concat_w_o,standardization,1440_pairs,LODO,0.721671778,0.018919397,0.749051563,0.746348519,0.715405773,0.73121305,0.721254466,0.68264519,0.723111821,0.733347033,0.705131042,0.70920932
GaussianNB,concat_w_o,standardization,1440_pairs,LOEO,0.486358319,5.55E-17,0.486358319,0.486358319,0.486358319,0.486358319,0.486358319,0.486358319,0.486358319,0.486358319,0.486358319,0.486358319
KNeighborsClassifier,concat_w_o,standardization,1440_pairs,LOEO,0.531140337,0,0.531140337,0.531140337,0.531140337,0.531140337,0.531140337,0.531140337,0.531140337,0.531140337,0.531140337,0.531140337
DecisionTreeClassifier,concat_w_o,standardization,1440_pairs,LOEO,0.56633366,0.013174551,0.565046948,0.58286175,0.584837659,0.553665708,0.576799659,0.57519522,0.553294237,0.552179824,0.572223452,0.547232146
RandomForestClassifier,concat_w_o,standardization,1440_pairs,LOEO,0.819218488,0.003914915,0.816580254,0.823254877,0.819978818,0.820686194,0.811573298,0.820528121,0.816679049,0.815627865,0.821551642,0.825724764
MLPClassifier,concat_w_o,standardization,1440_pairs,LOEO,0.746387247,0.019858685,0.733133635,0.76939553,0.745708324,0.740610477,0.712331257,0.787668743,0.755271727,0.746253675,0.730580759,0.74291834
LinearSVC,concat_w_o,standardization,1440_pairs,LOEO,0.733335968,0.01873053,0.728162246,0.697709525,0.736310898,0.763957826,0.732090354,0.736650754,0.753754228,0.734421928,0.74387468,0.706427239
GaussianNB,concat_w_o,standardization,1440_pairs,External,0.5,0,0.5,0.5,0.5,0.5,0.5,0.5,0.5,0.5,0.5,0.5
KNeighborsClassifier,concat_w_o,standardization,1440_pairs,External,0.592105263,0,0.592105263,0.592105263,0.592105263,0.592105263,0.592105263,0.592105263,0.592105263,0.592105263,0.592105263,0.592105263
DecisionTreeClassifier,concat_w_o,standardization,1440_pairs,External,0.54247076,0.023583938,0.551169591,0.565789474,0.57748538,0.497807018,0.512426901,0.526315789,0.539473684,0.53874269,0.563596491,0.551900585
RandomForestClassifier,concat_w_o,standardization,1440_pairs,External,0.78505117,0.027348586,0.739035088,0.77375731,0.807017544,0.786184211,0.794590643,0.760964912,0.815423977,0.828581871,0.750730994,0.794225146
MLPClassifier,concat_w_o,standardization,1440_pairs,External,0.568274854,0.085207834,0.551900585,0.66374269,0.501461988,0.663011696,0.591374269,0.380116959,0.562865497,0.586988304,0.669590643,0.511695906
LinearSVC,concat_w_o,standardization,1440_pairs,External,0.618274854,0.065431776,0.581871345,0.592105263,0.691520468,0.537280702,0.679093567,0.701023392,0.508040936,0.612573099,0.690789474,0.588450292
GaussianNB,concat_w,original,1440_pairs,Standard,0.479123724,0.019812668,0.482347223,0.510480225,0.49202918,0.470788151,0.494202681,0.488286807,0.486800923,0.449697291,0.475514527,0.441090228
KNeighborsClassifier,concat_w,original,1440_pairs,Standard,0.671737773,0.014997378,0.669295944,0.657483956,0.67747621,0.683352566,0.697875502,0.684723847,0.647813853,0.679554867,0.652595555,0.667205431
DecisionTreeClassifier,concat_w,original,1440_pairs,Standard,0.634327875,0.010953607,0.619099934,0.646810091,0.633571496,0.617124024,0.64643862,0.638147703,0.650643356,0.633942967,0.625162025,0.632338529
RandomForestClassifier,concat_w,original,1440_pairs,Standard,0.861564209,0.004328133,0.861670513,0.854019791,0.867882773,0.863468591,0.857212861,0.863022035,0.868760077,0.858165249,0.861437356,0.860002845
MLPClassifier,concat_w,original,1440_pairs,Standard,0.494617227,0.009640543,0.513396668,0.500794316,0.495415889,0.479181815,0.500035566,0.484437735,0.490598622,0.484714362,0.50175856,0.495838734
LinearSVC,concat_w,original,1440_pairs,Standard,0.575143846,0.032377435,0.557621479,0.539051879,0.520454617,0.604960324,0.599633271,0.606086592,0.565821504,0.608619709,0.60797161,0.541217477
GaussianNB,concat_w,original,1440_pairs,Stratified,0.498314154,0.005466778,0.499727324,0.504860738,0.498367899,0.496281338,0.50162815,0.495419841,0.509128703,0.495020708,0.489650185,0.493056653
KNeighborsClassifier,concat_w,original,1440_pairs,Stratified,0.669663463,0.008399297,0.65673311,0.675539819,0.656626411,0.67239417,0.675330372,0.670852961,0.680519111,0.659748348,0.678377225,0.670513104
DecisionTreeClassifier,concat_w,original,1440_pairs,Stratified,0.63281986,0.01643993,0.616009611,0.625904967,0.644462711,0.63505738,0.644581265,0.636914736,0.606114255,0.611433404,0.650643356,0.657076918
RandomForestClassifier,concat_w,original,1440_pairs,Stratified,0.861159543,0.0043794,0.86218425,0.855244855,0.861192343,0.862109165,0.859022794,0.85614587,0.864108786,0.866649806,0.868906294,0.856031267
MLPClassifier,concat_w,original,1440_pairs,Stratified,0.505270542,0.0185531,0.520837944,0.474554235,0.482240524,0.498221681,0.50621226,0.511934495,0.490001897,0.509768898,0.519300686,0.539632797
LinearSVC,concat_w,original,1440_pairs,Stratified,0.574667257,0.030129966,0.518352249,0.598107869,0.542972084,0.626157883,0.607995321,0.56329234,0.58010338,0.567437798,0.557815118,0.584438525
GaussianNB,concat_w,original,1440_pairs,LODO,0.361548007,0,0.361548007,0.361548007,0.361548007,0.361548007,0.361548007,0.361548007,0.361548007,0.361548007,0.361548007,0.361548007
KNeighborsClassifier,concat_w,original,1440_pairs,LODO,0.575685245,1.11E-16,0.575685245,0.575685245,0.575685245,0.575685245,0.575685245,0.575685245,0.575685245,0.575685245,0.575685245,0.575685245
DecisionTreeClassifier,concat_w,original,1440_pairs,LODO,0.559029117,0.015710812,0.575060858,0.52854004,0.550812494,0.563561064,0.561703708,0.549579526,0.58520913,0.545983371,0.574199361,0.555641617
RandomForestClassifier,concat_w,original,1440_pairs,LODO,0.703034602,0.007080515,0.696116942,0.692425943,0.717417249,0.712181088,0.703838797,0.704700294,0.702601878,0.698448516,0.704455281,0.698160033
MLPClassifier,concat_w,original,1440_pairs,LODO,0.508667526,0.024039846,0.486476874,0.532357497,0.478751067,0.504512978,0.549860106,0.53077677,0.481620088,0.518265309,0.483109924,0.520944643
LinearSVC,concat_w,original,1440_pairs,LODO,0.568206822,0.062462552,0.575305871,0.608453732,0.598969365,0.557182827,0.619985141,0.609923809,0.595950175,0.582458664,0.394929025,0.538909614
GaussianNB,concat_w,original,1440_pairs,LOEO,0.147055104,2.78E-17,0.147055104,0.147055104,0.147055104,0.147055104,0.147055104,0.147055104,0.147055104,0.147055104,0.147055104,0.147055104
KNeighborsClassifier,concat_w,original,1440_pairs,LOEO,0.651639215,0,0.651639215,0.651639215,0.651639215,0.651639215,0.651639215,0.651639215,0.651639215,0.651639215,0.651639215,0.651639215
DecisionTreeClassifier,concat_w,original,1440_pairs,LOEO,0.584957795,0.013755278,0.588789479,0.600795106,0.575432329,0.580008536,0.617495495,0.57011318,0.57777971,0.579012677,0.587066485,0.573084948
RandomForestClassifier,concat_w,original,1440_pairs,LOEO,0.82672576,0.004057469,0.828653062,0.821109039,0.825187316,0.818971104,0.828783472,0.827210648,0.828514748,0.834387152,0.827147419,0.827293636
MLPClassifier,concat_w,original,1440_pairs,LOEO,0.512360106,0.019676177,0.540379691,0.53195046,0.503687048,0.508314628,0.512827606,0.51077266,0.478399355,0.513637729,0.484864532,0.538767348
LinearSVC,concat_w,original,1440_pairs,LOEO,0.577642977,0.035900759,0.588643261,0.614567197,0.513250451,0.542588758,0.641542316,0.562545446,0.604806203,0.549069742,0.570899592,0.588516803
GaussianNB,concat_w,original,1440_pairs,External,0.5,0,0.5,0.5,0.5,0.5,0.5,0.5,0.5,0.5,0.5,0.5
KNeighborsClassifier,concat_w,original,1440_pairs,External,0.605263158,1.11E-16,0.605263158,0.605263158,0.605263158,0.605263158,0.605263158,0.605263158,0.605263158,0.605263158,0.605263158,0.605263158
DecisionTreeClassifier,concat_w,original,1440_pairs,External,0.604166667,0.070709658,0.735380117,0.592105263,0.546783626,0.680555556,0.652046784,0.519736842,0.491959064,0.592105263,0.592105263,0.638888889
RandomForestClassifier,concat_w,original,1440_pairs,External,0.81246345,0.03270962,0.726608187,0.838815789,0.796783626,0.834064327,0.851973684,0.807748538,0.813596491,0.817982456,0.829312865,0.807748538
MLPClassifier,concat_w,original,1440_pairs,External,0.50628655,0.006733087,0.5,0.5,0.512426901,0.513157895,0.499269006,0.513157895,0.513157895,0.499269006,0.499269006,0.513157895
LinearSVC,concat_w,original,1440_pairs,External,0.431652047,0.167044,0.528508772,0.461988304,0.280701754,0.280701754,0.312134503,0.466374269,0.279239766,0.709064327,0.277046784,0.720760234
GaussianNB,concat_w,standardization,1440_pairs,Standard,0.690001897,0.007890411,0.690319623,0.681167209,0.678938383,0.70058645,0.702443805,0.68153868,0.686114887,0.688833739,0.692176978,0.697899213
KNeighborsClassifier,concat_w,standardization,1440_pairs,Standard,0.618764819,0.012474941,0.636092757,0.614871487,0.630741994,0.610528437,0.610567955,0.604837817,0.605904809,0.631540261,0.635895166,0.60666751
DecisionTreeClassifier,concat_w,standardization,1440_pairs,Standard,0.629837817,0.012830195,0.649528943,0.626394992,0.603513958,0.624790554,0.634685909,0.631595587,0.649410389,0.631595587,0.627509405,0.61935285
RandomForestClassifier,concat_w,standardization,1440_pairs,Standard,0.861954649,0.005286229,0.864413076,0.859793399,0.872063798,0.854450539,0.865112548,0.862753312,0.865515633,0.85679792,0.864144352,0.854501913
MLPClassifier,concat_w,standardization,1440_pairs,Standard,0.822236097,0.013909707,0.78690209,0.833090955,0.826025102,0.836165471,0.835833518,0.819994626,0.83001644,0.814493693,0.815505359,0.824333723
LinearSVC,concat_w,standardization,1440_pairs,Standard,0.779755619,0.013976586,0.774904366,0.788324745,0.781970219,0.766826847,0.75354083,0.809364231,0.787811008,0.775591983,0.775236319,0.783985647
GaussianNB,concat_w,standardization,1440_pairs,Stratified,0.682979119,0.014197486,0.669785969,0.662862382,0.69291992,0.674733647,0.698519648,0.659519143,0.690319623,0.689853308,0.700957921,0.690319623
KNeighborsClassifier,concat_w,standardization,1440_pairs,Stratified,0.613851127,0.011955975,0.622419462,0.621063988,0.618175208,0.615543296,0.624355853,0.59546015,0.626474029,0.618633619,0.589212323,0.607173343
DecisionTreeClassifier,concat_w,standardization,1440_pairs,Stratified,0.632078499,0.012646216,0.647924504,0.651014827,0.616752553,0.638029149,0.634938826,0.632338529,0.618356992,0.643719769,0.623186115,0.614523727
RandomForestClassifier,concat_w,standardization,1440_pairs,Stratified,0.864847776,0.004022354,0.867590339,0.865958237,0.871585628,0.860694414,0.862366033,0.870289431,0.86164285,0.864831969,0.865314091,0.858204767
MLPClassifier,concat_w,standardization,1440_pairs,Stratified,0.820045999,0.009844997,0.840646834,0.817022857,0.824570832,0.833407101,0.815505359,0.808676615,0.814865164,0.808249818,0.821717619,0.815797793
LinearSVC,concat_w,standardization,1440_pairs,Stratified,0.781412222,0.012293752,0.782831716,0.796987133,0.788150865,0.761444469,0.789036072,0.773821567,0.787692454,0.781661977,0.758725617,0.793770352
GaussianNB,concat_w,standardization,1440_pairs,LODO,0.484753881,0,0.484753881,0.484753881,0.484753881,0.484753881,0.484753881,0.484753881,0.484753881,0.484753881,0.484753881,0.484753881
KNeighborsClassifier,concat_w,standardization,1440_pairs,LODO,0.601506434,0,0.601506434,0.601506434,0.601506434,0.601506434,0.601506434,0.601506434,0.601506434,0.601506434,0.601506434,0.601506434
DecisionTreeClassifier,concat_w,standardization,1440_pairs,LODO,0.56761563,0.021920652,0.58718504,0.579147039,0.597704783,0.540545667,0.562075179,0.585580601,0.524706775,0.578522652,0.571109039,0.549579526
RandomForestClassifier,concat_w,standardization,1440_pairs,LODO,0.708499178,0.005171256,0.707596978,0.71644115,0.708316209,0.707964497,0.700033195,0.706051816,0.705506465,0.718045588,0.704087762,0.710948121
MLPClassifier,concat_w,standardization,1440_pairs,LODO,0.673617654,0.019007651,0.633524074,0.651141285,0.67704151,0.700720812,0.689126174,0.681910151,0.659068635,0.676843919,0.687347855,0.67945212
LinearSVC,concat_w,standardization,1440_pairs,LODO,0.717961019,0.018985383,0.67953906,0.699274446,0.737267238,0.709841611,0.723222472,0.73275426,0.711525086,0.750379375,0.71704973,0.718756916
GaussianNB,concat_w,standardization,1440_pairs,LOEO,0.497486643,1.11E-16,0.497486643,0.497486643,0.497486643,0.497486643,0.497486643,0.497486643,0.497486643,0.497486643,0.497486643,0.497486643
KNeighborsClassifier,concat_w,standardization,1440_pairs,LOEO,0.531140337,0,0.531140337,0.531140337,0.531140337,0.531140337,0.531140337,0.531140337,0.531140337,0.531140337,0.531140337,0.531140337
DecisionTreeClassifier,concat_w,standardization,1440_pairs,LOEO,0.590327527,0.010739874,0.60228099,0.597333312,0.592132718,0.586442098,0.609457494,0.580008536,0.577289684,0.58347033,0.598313363,0.576546742
RandomForestClassifier,concat_w,standardization,1440_pairs,LOEO,0.826549113,0.004942804,0.830486706,0.831992349,0.82015665,0.834327875,0.829660776,0.825112232,0.824800038,0.821342196,0.828325061,0.81928725
MLPClassifier,concat_w,standardization,1440_pairs,LOEO,0.747747463,0.021996042,0.727051785,0.766340773,0.739903101,0.709584743,0.716579463,0.762302014,0.767249692,0.75840552,0.753370902,0.776686637
LinearSVC,concat_w,standardization,1440_pairs,LOEO,0.760064494,0.014443534,0.765210553,0.745791312,0.778101388,0.775469476,0.758761184,0.777429579,0.750162025,0.752691189,0.731620088,0.765408144
GaussianNB,concat_w,standardization,1440_pairs,External,0.5,0,0.5,0.5,0.5,0.5,0.5,0.5,0.5,0.5,0.5,0.5
KNeighborsClassifier,concat_w,standardization,1440_pairs,External,0.684210526,0,0.684210526,0.684210526,0.684210526,0.684210526,0.684210526,0.684210526,0.684210526,0.684210526,0.684210526,0.684210526
DecisionTreeClassifier,concat_w,standardization,1440_pairs,External,0.557017544,0.099363054,0.397660819,0.760233918,0.497076023,0.561403509,0.532163743,0.572368421,0.614035088,0.64254386,0.565789474,0.426900585
RandomForestClassifier,concat_w,standardization,1440_pairs,External,0.791483918,0.024174392,0.819078947,0.77119883,0.814692982,0.812134503,0.760599415,0.794225146,0.774853801,0.826754386,0.783991228,0.757309942
MLPClassifier,concat_w,standardization,1440_pairs,External,0.634356725,0.058649971,0.659356725,0.652046784,0.585526316,0.646929825,0.585526316,0.606725146,0.512426901,0.686403509,0.69005848,0.718567251
LinearSVC,concat_w,standardization,1440_pairs,External,0.657017544,0.05341742,0.679824561,0.623538012,0.584795322,0.648391813,0.586988304,0.753654971,0.738304094,0.64254386,0.67251462,0.639619883
GaussianNB,codrug_w_o,original,1440_pairs,Standard,0.687000095,0.007317222,0.691924062,0.679056938,0.687347855,0.692295533,0.695385856,0.690438178,0.68746641,0.690809649,0.686233442,0.669043027
KNeighborsClassifier,codrug_w_o,original,1440_pairs,Standard,0.560805065,0.008778326,0.558463216,0.54665518,0.560221776,0.568737947,0.568706332,0.576696911,0.564193355,0.548168727,0.557439695,0.558767507
DecisionTreeClassifier,codrug_w_o,original,1440_pairs,Standard,0.601178433,0.010496626,0.605252758,0.622814644,0.594733015,0.583351775,0.608343081,0.594361544,0.603513958,0.59659037,0.609576049,0.593247131
RandomForestClassifier,codrug_w_o,original,1440_pairs,Standard,0.85246633,0.006729008,0.845092631,0.850095634,0.848135532,0.860888053,0.854687648,0.858165249,0.859315229,0.850249755,0.858765926,0.839267649
MLPClassifier,codrug_w_o,original,1440_pairs,Standard,0.824746293,0.010073192,0.809040182,0.827590022,0.833241124,0.817979198,0.834632165,0.814264487,0.814707091,0.822152319,0.840804907,0.833051437
LinearSVC,codrug_w_o,original,1440_pairs,Standard,0.777923556,0.008169623,0.786301413,0.784270178,0.770019917,0.780002213,0.789107205,0.783590465,0.78260251,0.766605545,0.768802757,0.767933357
GaussianNB,codrug_w_o,original,1440_pairs,Stratified,0.692668585,0.009263162,0.693899972,0.69921912,0.6940699,0.690809649,0.680542822,0.693157029,0.698310202,0.702890361,0.702024912,0.671761879
KNeighborsClassifier,codrug_w_o,original,1440_pairs,Stratified,0.566597642,0.005360759,0.574582688,0.57182827,0.562430843,0.563474123,0.57348013,0.564794031,0.562312289,0.556835067,0.568445512,0.567793462
DecisionTreeClassifier,codrug_w_o,original,1440_pairs,Stratified,0.598765452,0.014967294,0.603513958,0.593871518,0.609576049,0.633200025,0.579889981,0.597451867,0.585580601,0.597080396,0.606114255,0.581375865
RandomForestClassifier,codrug_w_o,original,1440_pairs,Stratified,0.856386535,0.006670898,0.85597199,0.840397869,0.861658658,0.859062312,0.86051263,0.85464813,0.855754639,0.852138725,0.867143783,0.856576618
MLPClassifier,codrug_w_o,original,1440_pairs,Stratified,0.828385919,0.012845019,0.838252031,0.841002498,0.831043913,0.837785717,0.83045114,0.833019822,0.80045683,0.833407101,0.831446998,0.80699314
LinearSVC,codrug_w_o,original,1440_pairs,Stratified,0.780003003,0.013325166,0.75723183,0.764771901,0.789644652,0.774856944,0.790482438,0.787352597,0.789368025,0.761444469,0.792885144,0.791992033
GaussianNB,codrug_w_o,original,1440_pairs,LODO,0.5,0,0.5,0.5,0.5,0.5,0.5,0.5,0.5,0.5,0.5,0.5
KNeighborsClassifier,codrug_w_o,original,1440_pairs,LODO,0.605379217,1.11E-16,0.605379217,0.605379217,0.605379217,0.605379217,0.605379217,0.605379217,0.605379217,0.605379217,0.605379217,0.605379217
DecisionTreeClassifier,codrug_w_o,original,1440_pairs,LODO,0.553897284,0.01104729,0.559356328,0.538791059,0.557498973,0.543517435,0.565046948,0.556013088,0.542284468,0.560470741,0.542165913,0.57382789
RandomForestClassifier,codrug_w_o,original,1440_pairs,LODO,0.614304006,0.015975476,0.595705163,0.617337422,0.583746957,0.62595634,0.642708103,0.605592615,0.626248775,0.612302804,0.610145111,0.623296766
MLPClassifier,codrug_w_o,original,1440_pairs,LODO,0.654106731,0.012462307,0.672457399,0.662166862,0.636740855,0.653449148,0.675958711,0.644130758,0.6390092,0.655764914,0.647663684,0.653725775
LinearSVC,codrug_w_o,original,1440_pairs,LODO,0.526186336,0.000619474,0.526066201,0.527923556,0.526010875,0.526058297,0.526334925,0.526200563,0.525615693,0.526113623,0.525939743,0.525599886
GaussianNB,codrug_w_o,original,1440_pairs,LOEO,0.505390282,0,0.505390282,0.505390282,0.505390282,0.505390282,0.505390282,0.505390282,0.505390282,0.505390282,0.505390282,0.505390282
KNeighborsClassifier,codrug_w_o,original,1440_pairs,LOEO,0.542908855,0,0.542908855,0.542908855,0.542908855,0.542908855,0.542908855,0.542908855,0.542908855,0.542908855,0.542908855,0.542908855
DecisionTreeClassifier,codrug_w_o,original,1440_pairs,LOEO,0.559776801,0.015373406,0.542284468,0.561703708,0.579028485,0.59089975,0.56578989,0.551436882,0.550946856,0.567022857,0.54500332,0.543651797
RandomForestClassifier,codrug_w_o,original,1440_pairs,LOEO,0.817411716,0.004589032,0.816453795,0.821780848,0.816192975,0.821808511,0.813920679,0.808716133,0.812841832,0.819061996,0.818346717,0.824993677
MLPClassifier,codrug_w_o,original,1440_pairs,LOEO,0.634164269,0.005830522,0.639625684,0.641664822,0.643261358,0.628552686,0.629208688,0.626481932,0.633539882,0.630662957,0.638977585,0.629667099
LinearSVC,codrug_w_o,original,1440_pairs,LOEO,0.591569979,0.00085907,0.590615219,0.592164332,0.591279125,0.590544086,0.591121052,0.592338213,0.5925279,0.593152287,0.59116057,0.590797003
GaussianNB,codrug_w_o,original,1440_pairs,External,0.5,0,0.5,0.5,0.5,0.5,0.5,0.5,0.5,0.5,0.5,0.5
KNeighborsClassifier,codrug_w_o,original,1440_pairs,External,0.56505848,0,0.56505848,0.56505848,0.56505848,0.56505848,0.56505848,0.56505848,0.56505848,0.56505848,0.56505848,0.56505848
DecisionTreeClassifier,codrug_w_o,original,1440_pairs,External,0.549342105,0.03823351,0.538011696,0.564327485,0.511695906,0.537280702,0.536549708,0.510233918,0.592105263,0.641081871,0.524122807,0.538011696
RandomForestClassifier,codrug_w_o,original,1440_pairs,External,0.723428363,0.025025235,0.677631579,0.714912281,0.737573099,0.728435673,0.764619883,0.757675439,0.713815789,0.723684211,0.693347953,0.722587719
MLPClassifier,codrug_w_o,original,1440_pairs,External,0.566885965,0.011101729,0.558479532,0.558479532,0.553362573,0.571637427,0.578947368,0.57748538,0.550438596,0.585526316,0.569444444,0.56505848
LinearSVC,codrug_w_o,original,1440_pairs,External,0.701754386,0.000326911,0.701754386,0.701754386,0.701754386,0.701754386,0.701754386,0.701023392,0.701754386,0.70248538,0.701754386,0.701754386
GaussianNB,codrug_w_o,standardization,1440_pairs,Standard,0.686540893,0.008592359,0.695757327,0.688580823,0.669533053,0.689323765,0.678685467,0.691552591,0.690066707,0.675223673,0.689323765,0.697361765
KNeighborsClassifier,codrug_w_o,standardization,1440_pairs,Standard,0.610335193,0.01208345,0.605999652,0.602648509,0.617732604,0.590279315,0.608192912,0.62391325,0.60714568,0.636400999,0.605118397,0.605920616
DecisionTreeClassifier,codrug_w_o,standardization,1440_pairs,Standard,0.602711738,0.009467466,0.606857197,0.584094717,0.602028074,0.610318991,0.615266669,0.599680693,0.588670924,0.611804875,0.607600139,0.600795106
RandomForestClassifier,codrug_w_o,standardization,1440_pairs,Standard,0.852632702,0.005563862,0.855323891,0.851945086,0.851684265,0.847807531,0.851719832,0.850135152,0.856722835,0.865065126,0.842685973,0.85323733
MLPClassifier,codrug_w_o,standardization,1440_pairs,Standard,0.812892416,0.008815429,0.80338908,0.825266353,0.811743227,0.81259682,0.812905061,0.828198603,0.817149316,0.798307041,0.804859157,0.8145095
LinearSVC,codrug_w_o,standardization,1440_pairs,Standard,0.750678923,0.014173097,0.726131011,0.724945465,0.747557776,0.76594164,0.754426038,0.743590149,0.761238974,0.763080522,0.759650343,0.760227309
GaussianNB,codrug_w_o,standardization,1440_pairs,Stratified,0.687086245,0.011571559,0.686723467,0.698476178,0.655804432,0.690809649,0.68920521,0.69118112,0.697986153,0.689695236,0.67979988,0.69118112
KNeighborsClassifier,codrug_w_o,standardization,1440_pairs,Stratified,0.615108596,0.010849657,0.631512598,0.625015807,0.617416459,0.621135121,0.603861718,0.599886188,0.60232446,0.615025608,0.628307673,0.606600329
DecisionTreeClassifier,codrug_w_o,standardization,1440_pairs,Stratified,0.596551642,0.018243724,0.569994626,0.586442098,0.578032626,0.599680693,0.60228099,0.585952072,0.598194809,0.640257975,0.606975752,0.597704783
RandomForestClassifier,codrug_w_o,standardization,1440_pairs,Stratified,0.855013673,0.006149821,0.860635136,0.843183902,0.859109734,0.859109734,0.852245424,0.848510954,0.863421169,0.855576808,0.849135342,0.85920853
MLPClassifier,codrug_w_o,standardization,1440_pairs,Stratified,0.815924252,0.011763532,0.824286301,0.80208498,0.807617527,0.811545636,0.825622016,0.815521166,0.838615599,0.798291233,0.810518163,0.825139894
LinearSVC,codrug_w_o,standardization,1440_pairs,Stratified,0.76218425,0.01668853,0.761760615,0.743376751,0.768881793,0.781353735,0.765048528,0.741211154,0.784222756,0.735236003,0.759776801,0.780974361
GaussianNB,codrug_w_o,standardization,1440_pairs,LODO,0.5,0,0.5,0.5,0.5,0.5,0.5,0.5,0.5,0.5,0.5,0.5
KNeighborsClassifier,codrug_w_o,standardization,1440_pairs,LODO,0.592899371,0,0.592899371,0.592899371,0.592899371,0.592899371,0.592899371,0.592899371,0.592899371,0.592899371,0.592899371,0.592899371
DecisionTreeClassifier,codrug_w_o,standardization,1440_pairs,LODO,0.554542221,0.008016351,0.551436882,0.545256236,0.559846353,0.537708261,0.556503114,0.554898675,0.563189592,0.552551295,0.566532832,0.557498973
RandomForestClassifier,codrug_w_o,standardization,1440_pairs,LODO,0.606147055,0.011766747,0.590540135,0.629098037,0.61520344,0.60586529,0.606900667,0.613006228,0.613828207,0.587655307,0.599455439,0.599917802
MLPClassifier,codrug_w_o,standardization,1440_pairs,LODO,0.640110177,0.023511819,0.670410357,0.671398312,0.622213967,0.625675761,0.666490152,0.645632449,0.631397996,0.598795485,0.618246341,0.650840947
LinearSVC,codrug_w_o,standardization,1440_pairs,LODO,0.50015175,0.001302297,0.497802788,0.498490405,0.500592773,0.501881066,0.500829882,0.500205495,0.501209257,0.501580728,0.500142265,0.49878284
GaussianNB,codrug_w_o,standardization,1440_pairs,LOEO,0.505390282,0,0.505390282,0.505390282,0.505390282,0.505390282,0.505390282,0.505390282,0.505390282,0.505390282,0.505390282,0.505390282
KNeighborsClassifier,codrug_w_o,standardization,1440_pairs,LOEO,0.530531757,0,0.530531757,0.530531757,0.530531757,0.530531757,0.530531757,0.530531757,0.530531757,0.530531757,0.530531757,0.530531757
DecisionTreeClassifier,codrug_w_o,standardization,1440_pairs,LOEO,0.574694129,0.028938546,0.567022857,0.592504189,0.587809427,0.610809016,0.553665708,0.539937087,0.536222377,0.600795106,0.61563814,0.542537384
RandomForestClassifier,codrug_w_o,standardization,1440_pairs,LOEO,0.818187854,0.003568745,0.819986722,0.813383232,0.816742278,0.816054662,0.818785369,0.820429326,0.814663621,0.821251304,0.814888875,0.825693149
MLPClassifier,codrug_w_o,standardization,1440_pairs,LOEO,0.746825899,0.016368741,0.736824634,0.773687206,0.762748569,0.721207044,0.743013183,0.723752015,0.741740697,0.753232588,0.746949195,0.765103854
LinearSVC,codrug_w_o,standardization,1440_pairs,LOEO,0.62297983,0.002071433,0.622229775,0.620680661,0.621700231,0.626039329,0.627335525,0.62202428,0.62289368,0.623146597,0.620514685,0.623233537
GaussianNB,codrug_w_o,standardization,1440_pairs,External,0.5,0,0.5,0.5,0.5,0.5,0.5,0.5,0.5,0.5,0.5,0.5
KNeighborsClassifier,codrug_w_o,standardization,1440_pairs,External,0.578947368,1.11E-16,0.578947368,0.578947368,0.578947368,0.578947368,0.578947368,0.578947368,0.578947368,0.578947368,0.578947368,0.578947368
DecisionTreeClassifier,codrug_w_o,standardization,1440_pairs,External,0.532967836,0.066246343,0.497807018,0.346491228,0.551900585,0.576023392,0.550438596,0.552631579,0.563596491,0.549707602,0.548976608,0.592105263
RandomForestClassifier,codrug_w_o,standardization,1440_pairs,External,0.704824561,0.02540202,0.759502924,0.696637427,0.721491228,0.731359649,0.66995614,0.704312865,0.69005848,0.70248538,0.674342105,0.698099415
MLPClassifier,codrug_w_o,standardization,1440_pairs,External,0.556652047,0.075289026,0.645467836,0.586988304,0.641812865,0.451754386,0.440789474,0.465643275,0.628654971,0.52997076,0.581140351,0.594298246
LinearSVC,codrug_w_o,standardization,1440_pairs,External,0.769809942,0.001774073,0.769005848,0.770467836,0.766812865,0.77119883,0.771929825,0.770467836,0.771929825,0.766812865,0.770467836,0.769005848
GaussianNB,codrug_w,original,1440_pairs,Standard,0.474166561,0.030551288,0.440912396,0.484398217,0.424607189,0.441208783,0.52980067,0.50762306,0.48358019,0.4801263,0.463710442,0.485698366
KNeighborsClassifier,codrug_w,original,1440_pairs,Standard,0.519585612,0.008251462,0.524323449,0.51540024,0.532811957,0.51594164,0.524042869,0.504963485,0.520668016,0.528634884,0.521051342,0.508018242
DecisionTreeClassifier,codrug_w,original,1440_pairs,Standard,0.623393981,0.015821886,0.622933198,0.582608833,0.618238437,0.619724321,0.632338529,0.642605356,0.628623818,0.617495495,0.630599728,0.638772091
RandomForestClassifier,codrug_w,original,1440_pairs,Standard,0.852173105,0.006440747,0.850799058,0.83907401,0.853110872,0.857509247,0.861326705,0.84808811,0.854446587,0.860038412,0.845511524,0.851826531
MLPClassifier,codrug_w,original,1440_pairs,Standard,0.506824792,0.025871817,0.488610856,0.454957162,0.529686067,0.518209984,0.526287503,0.518209984,0.495518637,0.512155797,0.478434921,0.54617701
LinearSVC,codrug_w,original,1440_pairs,Standard,0.375425611,0.041909534,0.462829187,0.402014638,0.353221523,0.358042743,0.318303247,0.419224811,0.40082514,0.342543707,0.354885239,0.342365875
GaussianNB,codrug_w,original,1440_pairs,Stratified,0.497786191,0.006658319,0.503552686,0.484888243,0.502904587,0.499735228,0.501525402,0.500663906,0.507057949,0.488796592,0.493554583,0.495182732
KNeighborsClassifier,codrug_w,original,1440_pairs,Stratified,0.522617053,0.010148297,0.507441276,0.537447441,0.530397395,0.519814423,0.537415826,0.526295406,0.520652208,0.514028959,0.508520123,0.524157472
DecisionTreeClassifier,codrug_w,original,1440_pairs,Stratified,0.615884733,0.017414738,0.609576049,0.639515033,0.616752553,0.627762322,0.603142487,0.632457083,0.586813569,0.636543265,0.591761247,0.614523727
RandomForestClassifier,codrug_w,original,1440_pairs,Stratified,0.855695362,0.006150839,0.856497581,0.852897474,0.852968607,0.856359268,0.868270052,0.859445639,0.858267997,0.858876577,0.8443734,0.848997028
MLPClassifier,codrug_w,original,1440_pairs,Stratified,0.497681072,0.002622031,0.494846827,0.503414372,0.497387847,0.496858304,0.493491353,0.499628529,0.496625146,0.499747084,0.497087509,0.497723752
LinearSVC,codrug_w,original,1440_pairs,Stratified,0.365161155,0.038692893,0.408068825,0.394676109,0.369416079,0.368147545,0.298224052,0.4200705,0.330032247,0.356869053,0.39268044,0.313426702
GaussianNB,codrug_w,original,1440_pairs,LODO,0.362476684,0,0.362476684,0.362476684,0.362476684,0.362476684,0.362476684,0.362476684,0.362476684,0.362476684,0.362476684,0.362476684
KNeighborsClassifier,codrug_w,original,1440_pairs,LODO,0.505034618,1.11E-16,0.505034618,0.505034618,0.505034618,0.505034618,0.505034618,0.505034618,0.505034618,0.505034618,0.505034618,0.505034618
DecisionTreeClassifier,codrug_w,original,1440_pairs,LODO,0.582476052,0.009500024,0.585699156,0.594361544,0.566248301,0.584703297,0.579637065,0.600036357,0.572579115,0.575669438,0.579637065,0.586189181
RandomForestClassifier,codrug_w,original,1440_pairs,LODO,0.61629098,0.015754307,0.620388227,0.626659764,0.642435427,0.621451266,0.600534286,0.624170118,0.615559103,0.625533496,0.583746957,0.602431159
MLPClassifier,codrug_w,original,1440_pairs,LODO,0.473899023,0.064684313,0.461667352,0.499257058,0.450918403,0.456609023,0.362713793,0.586070627,0.43455787,0.455897695,0.445227783,0.586070627
LinearSVC,codrug_w,original,1440_pairs,LODO,0.355302551,0.067621026,0.308913724,0.411242136,0.369558345,0.418908666,0.360761595,0.385918877,0.265807278,0.474534476,0.253548734,0.303831684
GaussianNB,codrug_w,original,1440_pairs,LOEO,0.146229174,2.78E-17,0.146229174,0.146229174,0.146229174,0.146229174,0.146229174,0.146229174,0.146229174,0.146229174,0.146229174,0.146229174
KNeighborsClassifier,codrug_w,original,1440_pairs,LOEO,0.516012772,0,0.516012772,0.516012772,0.516012772,0.516012772,0.516012772,0.516012772,0.516012772,0.516012772,0.516012772,0.516012772
DecisionTreeClassifier,codrug_w,original,1440_pairs,LOEO,0.619693497,0.018422349,0.584821852,0.648651639,0.643213936,0.602755208,0.624284721,0.605592615,0.610674655,0.617851159,0.629975341,0.629113844
RandomForestClassifier,codrug_w,original,1440_pairs,LOEO,0.824569647,0.004193878,0.822796465,0.827447757,0.82085217,0.822847839,0.828747906,0.82217603,0.83420932,0.82419541,0.823318106,0.819105466
MLPClassifier,codrug_w,original,1440_pairs,LOEO,0.501187917,0.041789366,0.490515633,0.471926275,0.478375644,0.580067813,0.5184629,0.495344757,0.455945117,0.576380766,0.47806345,0.466796813
LinearSVC,codrug_w,original,1440_pairs,LOEO,0.336516392,0.040531441,0.30842765,0.362852107,0.380413993,0.338366634,0.300555626,0.312916917,0.425749265,0.281934653,0.322440802,0.331506275
GaussianNB,codrug_w,original,1440_pairs,External,0.593567251,0,0.593567251,0.593567251,0.593567251,0.593567251,0.593567251,0.593567251,0.593567251,0.593567251,0.593567251,0.593567251
KNeighborsClassifier,codrug_w,original,1440_pairs,External,0.438596491,0,0.438596491,0.438596491,0.438596491,0.438596491,0.438596491,0.438596491,0.438596491,0.438596491,0.438596491,0.438596491
DecisionTreeClassifier,codrug_w,original,1440_pairs,External,0.600511696,0.020006417,0.614766082,0.586988304,0.589181287,0.600146199,0.60380117,0.602339181,0.562134503,0.589912281,0.614035088,0.641812865
RandomForestClassifier,codrug_w,original,1440_pairs,External,0.81246345,0.025697044,0.820906433,0.783260234,0.848318713,0.776681287,0.777412281,0.853435673,0.811769006,0.813596491,0.826754386,0.8125
MLPClassifier,codrug_w,original,1440_pairs,External,0.5,0,0.5,0.5,0.5,0.5,0.5,0.5,0.5,0.5,0.5,0.5
LinearSVC,codrug_w,original,1440_pairs,External,0.246783626,0.189912281,0.183479532,0.183479532,0.183479532,0.183479532,0.816520468,0.183479532,0.183479532,0.183479532,0.183479532,0.183479532
GaussianNB,codrug_w,standardization,1440_pairs,Standard,0.689597231,0.010143939,0.701819418,0.700333534,0.678313996,0.695014385,0.69118112,0.690066707,0.67213335,0.677452499,0.687837881,0.701819418
KNeighborsClassifier,codrug_w,standardization,1440_pairs,Standard,0.61844077,0.010797698,0.627722804,0.617653568,0.62363267,0.624988145,0.630844741,0.622672378,0.628070564,0.605070975,0.598937751,0.604814106
DecisionTreeClassifier,codrug_w,standardization,1440_pairs,Standard,0.624358225,0.014908087,0.613780785,0.61935285,0.608461636,0.606485726,0.613037843,0.636914736,0.657076918,0.635800322,0.62936676,0.623304669
RandomForestClassifier,codrug_w,standardization,1440_pairs,Standard,0.856335162,0.003990525,0.853233379,0.860307135,0.859757833,0.859666941,0.855806013,0.847961652,0.851451108,0.857240524,0.859998893,0.85792814
MLPClassifier,codrug_w,standardization,1440_pairs,Standard,0.818129367,0.009951272,0.838386393,0.818326958,0.807467358,0.815252442,0.82917075,0.826712719,0.808083842,0.809632955,0.819480889,0.808779362
LinearSVC,codrug_w,standardization,1440_pairs,Standard,0.755738832,0.013284022,0.759263065,0.725751636,0.753445987,0.76396573,0.75121716,0.760037621,0.75017388,0.76535677,0.779551706,0.748624767
GaussianNB,codrug_w,standardization,1440_pairs,Stratified,0.684821852,0.011248614,0.679428409,0.700705005,0.699962063,0.684376087,0.691552591,0.658894755,0.681657235,0.684376087,0.687094939,0.680171351
KNeighborsClassifier,codrug_w,standardization,1440_pairs,Stratified,0.621902169,0.010554453,0.628157504,0.605157915,0.628252347,0.605640037,0.611753501,0.625474218,0.639230502,0.62132876,0.623767032,0.630259872
DecisionTreeClassifier,codrug_w,standardization,1440_pairs,Stratified,0.618395719,0.012833337,0.617866966,0.612294901,0.625533496,0.603885429,0.618728463,0.617495495,0.651876324,0.613290759,0.6042569,0.618728463
RandomForestClassifier,codrug_w,standardization,1440_pairs,Stratified,0.859201812,0.005825976,0.871708134,0.854667889,0.857706838,0.848589991,0.858370744,0.862492492,0.857165439,0.864381461,0.857046884,0.859888243
MLPClassifier,codrug_w,standardization,1440_pairs,Stratified,0.821573773,0.009950048,0.817331099,0.815165502,0.824570832,0.826902406,0.819014574,0.810304764,0.826862888,0.846685214,0.814414657,0.814485789
LinearSVC,codrug_w,standardization,1440_pairs,Stratified,0.754901046,0.008431994,0.75569062,0.770739148,0.750948437,0.753928109,0.74491796,0.75914451,0.757587493,0.760986058,0.75682084,0.738247289
GaussianNB,codrug_w,standardization,1440_pairs,LODO,0.5,0,0.5,0.5,0.5,0.5,0.5,0.5,0.5,0.5,0.5,0.5
KNeighborsClassifier,codrug_w,standardization,1440_pairs,LODO,0.596665455,1.11E-16,0.596665455,0.596665455,0.596665455,0.596665455,0.596665455,0.596665455,0.596665455,0.596665455,0.596665455,0.596665455
DecisionTreeClassifier,codrug_w,standardization,1440_pairs,LODO,0.581618507,0.017744481,0.611551959,0.566264108,0.592622744,0.579115425,0.56837438,0.589903892,0.578641206,0.580988587,0.546694698,0.602028074
RandomForestClassifier,codrug_w,standardization,1440_pairs,LODO,0.61237038,0.020435915,0.623280959,0.613523916,0.588109766,0.611694224,0.591543897,0.648224843,0.61218425,0.598155291,0.645608738,0.59137792
MLPClassifier,codrug_w,standardization,1440_pairs,LODO,0.60751557,0.040591049,0.592306598,0.599309222,0.678313996,0.553317948,0.567425943,0.617384844,0.567844836,0.669525149,0.637183459,0.592543707
LinearSVC,codrug_w,standardization,1440_pairs,LODO,0.500448136,0.00145421,0.503611963,0.499786602,0.4986959,0.501643957,0.501746704,0.499415131,0.499367709,0.500908918,0.500284531,0.499019949
GaussianNB,codrug_w,standardization,1440_pairs,LOEO,0.516518605,0,0.516518605,0.516518605,0.516518605,0.516518605,0.516518605,0.516518605,0.516518605,0.516518605,0.516518605,0.516518605
KNeighborsClassifier,codrug_w,standardization,1440_pairs,LOEO,0.531393253,0,0.531393253,0.531393253,0.531393253,0.531393253,0.531393253,0.531393253,0.531393253,0.531393253,0.531393253,0.531393253
DecisionTreeClassifier,codrug_w,standardization,1440_pairs,LOEO,0.628465746,0.016310742,0.612650564,0.643213936,0.647300117,0.612413455,0.629232399,0.596203092,0.644446903,0.641475135,0.636408903,0.621312952
RandomForestClassifier,codrug_w,standardization,1440_pairs,LOEO,0.822560937,0.004169839,0.822464513,0.817682811,0.818473175,0.816900351,0.823507793,0.821812462,0.825795896,0.821689956,0.831352155,0.825930258
MLPClassifier,codrug_w,standardization,1440_pairs,LOEO,0.775031219,0.016005924,0.798390029,0.783626031,0.757994531,0.761306155,0.744574152,0.793987702,0.779832285,0.782480004,0.781002023,0.767119282
LinearSVC,codrug_w,standardization,1440_pairs,LOEO,0.685848535,0.002055062,0.68514274,0.682242104,0.688746799,0.683893965,0.684431412,0.685008378,0.687664001,0.688454364,0.68522968,0.687671904
GaussianNB,codrug_w,standardization,1440_pairs,External,0.5,0,0.5,0.5,0.5,0.5,0.5,0.5,0.5,0.5,0.5,0.5
KNeighborsClassifier,codrug_w,standardization,1440_pairs,External,0.589912281,0,0.589912281,0.589912281,0.589912281,0.589912281,0.589912281,0.589912281,0.589912281,0.589912281,0.589912281,0.589912281
DecisionTreeClassifier,codrug_w,standardization,1440_pairs,External,0.607090643,0.042102027,0.54751462,0.64254386,0.64254386,0.603070175,0.534356725,0.573099415,0.64254386,0.587719298,0.641812865,0.655701754
RandomForestClassifier,codrug_w,standardization,1440_pairs,External,0.799305556,0.017512956,0.82127193,0.800438596,0.793128655,0.794225146,0.815789474,0.790204678,0.786549708,0.78252924,0.775584795,0.833333333
MLPClassifier,codrug_w,standardization,1440_pairs,External,0.522295322,0.109932504,0.499269006,0.703947368,0.294590643,0.44005848,0.416666667,0.619152047,0.597222222,0.559210526,0.542397661,0.550438596
LinearSVC,codrug_w,standardization,1440_pairs,External,0.75752924,0.002358518,0.761695906,0.755847953,0.756578947,0.753654971,0.75877193,0.755116959,0.75877193,0.755847953,0.759502924,0.759502924
GaussianNB,addition_w_o,original,1440_pairs,Standard,0.689723294,0.009470175,0.666932756,0.703593785,0.691750182,0.69118112,0.690999336,0.688580823,0.699796086,0.690066707,0.692698618,0.681633524
KNeighborsClassifier,addition_w_o,original,1440_pairs,Standard,0.576065015,0.005495656,0.568066138,0.573582878,0.584367393,0.584007777,0.576404477,0.579810945,0.569010622,0.579459233,0.574594543,0.571346148
DecisionTreeClassifier,addition_w_o,original,1440_pairs,Standard,0.612593658,0.014703662,0.602028074,0.631224116,0.618728463,0.634314438,0.603885429,0.610318991,0.591389776,0.617124024,0.591018305,0.625904967
RandomForestClassifier,addition_w_o,original,1440_pairs,Standard,0.852070753,0.006237354,0.855715121,0.854707407,0.852506244,0.856627992,0.841456957,0.855110493,0.852972559,0.859927761,0.852391641,0.83929136
MLPClassifier,addition_w_o,original,1440_pairs,Standard,0.823368689,0.006421483,0.829115425,0.819101514,0.827210648,0.828546363,0.833881319,0.820223831,0.8190699,0.82191521,0.824562929,0.810059752
LinearSVC,addition_w_o,original,1440_pairs,Standard,0.841483829,0.009213611,0.830806803,0.85071607,0.854288514,0.838338971,0.843650217,0.848416111,0.845270463,0.846147766,0.833849704,0.823353672
GaussianNB,addition_w_o,original,1440_pairs,Stratified,0.686546426,0.009414673,0.697361765,0.66841864,0.688580823,0.688580823,0.678116405,0.694524359,0.675966615,0.683886061,0.690809649,0.69921912
KNeighborsClassifier,addition_w_o,original,1440_pairs,Stratified,0.577747305,0.005235176,0.579573836,0.575329582,0.57997297,0.572081186,0.5799295,0.577645348,0.5862287,0.580048054,0.566023047,0.580640827
DecisionTreeClassifier,addition_w_o,original,1440_pairs,Stratified,0.602265973,0.015148943,0.623557586,0.589042395,0.592014163,0.621447314,0.584466188,0.609204578,0.595475957,0.623929057,0.59856628,0.584956214
RandomForestClassifier,addition_w_o,original,1440_pairs,Stratified,0.858448595,0.008246744,0.853589042,0.839085865,0.865278524,0.858584142,0.863634567,0.849135342,0.864978186,0.863658278,0.861694224,0.864847776
MLPClassifier,addition_w_o,original,1440_pairs,Stratified,0.828025513,0.005852208,0.825274256,0.834300212,0.824183554,0.822918972,0.828538459,0.820579495,0.823867409,0.829131232,0.830174512,0.841287029
LinearSVC,addition_w_o,original,1440_pairs,Stratified,0.838176156,0.010389277,0.852391641,0.818745851,0.831549746,0.842393538,0.834956214,0.839295312,0.835098479,0.854984035,0.828222314,0.844124435
GaussianNB,addition_w_o,original,1440_pairs,LODO,0.5,0,0.5,0.5,0.5,0.5,0.5,0.5,0.5,0.5,0.5,0.5
KNeighborsClassifier,addition_w_o,original,1440_pairs,LODO,0.594132339,0,0.594132339,0.594132339,0.594132339,0.594132339,0.594132339,0.594132339,0.594132339,0.594132339,0.594132339,0.594132339
DecisionTreeClassifier,addition_w_o,original,1440_pairs,LODO,0.574933609,0.009987718,0.567275774,0.586204989,0.572594923,0.574080807,0.557008947,0.580632923,0.574823749,0.566904303,0.59461446,0.57519522
RandomForestClassifier,addition_w_o,original,1440_pairs,LODO,0.606850479,0.019916649,0.590872088,0.593108817,0.636958206,0.574321868,0.608876577,0.590314881,0.621542158,0.624486263,0.632053998,0.595969935
MLPClassifier,addition_w_o,original,1440_pairs,LODO,0.661875217,0.011095931,0.64556922,0.666237236,0.653038159,0.664087446,0.643703961,0.674796876,0.673966994,0.656002023,0.674583478,0.666766779
LinearSVC,addition_w_o,original,1440_pairs,LODO,0.674822958,0.003485723,0.672014796,0.678092694,0.677152161,0.670631659,0.668252664,0.677792356,0.679744554,0.674069742,0.674053934,0.676425026
GaussianNB,addition_w_o,original,1440_pairs,LOEO,0.505390282,0,0.505390282,0.505390282,0.505390282,0.505390282,0.505390282,0.505390282,0.505390282,0.505390282,0.505390282,0.505390282
KNeighborsClassifier,addition_w_o,original,1440_pairs,LOEO,0.550243432,0,0.550243432,0.550243432,0.550243432,0.550243432,0.550243432,0.550243432,0.550243432,0.550243432,0.550243432,0.550243432
DecisionTreeClassifier,addition_w_o,original,1440_pairs,LOEO,0.553998451,0.021481699,0.544884765,0.555523063,0.535107964,0.580751478,0.561703708,0.586813569,0.58149442,0.529045873,0.533503525,0.531156144
RandomForestClassifier,addition_w_o,original,1440_pairs,LOEO,0.818943442,0.004135998,0.818943442,0.820919351,0.82024359,0.82321931,0.819785179,0.824258639,0.808463216,0.817105846,0.816825266,0.819670576
MLPClassifier,addition_w_o,original,1440_pairs,LOEO,0.640670545,0.00672337,0.645316304,0.640882362,0.633571496,0.635081091,0.631674623,0.634061522,0.642486801,0.642241788,0.653646739,0.647742721
LinearSVC,addition_w_o,original,1440_pairs,LOEO,0.71361797,0.001788284,0.712710632,0.713469381,0.714046347,0.714156998,0.714868325,0.717105055,0.714947362,0.712473523,0.710157757,0.712244317
GaussianNB,addition_w_o,original,1440_pairs,External,0.5,0,0.5,0.5,0.5,0.5,0.5,0.5,0.5,0.5,0.5,0.5
KNeighborsClassifier,addition_w_o,original,1440_pairs,External,0.56505848,0,0.56505848,0.56505848,0.56505848,0.56505848,0.56505848,0.56505848,0.56505848,0.56505848,0.56505848,0.56505848
DecisionTreeClassifier,addition_w_o,original,1440_pairs,External,0.517397661,0.02626457,0.483918129,0.535087719,0.50877193,0.497807018,0.480994152,0.494152047,0.549707602,0.548976608,0.524853801,0.549707602
RandomForestClassifier,addition_w_o,original,1440_pairs,External,0.695138889,0.020888054,0.707236842,0.723318713,0.693347953,0.697733918,0.683114035,0.702119883,0.672149123,0.700657895,0.721125731,0.650584795
MLPClassifier,addition_w_o,original,1440_pairs,External,0.54247076,0.009079936,0.540935673,0.534356725,0.553362573,0.54751462,0.52997076,0.553362573,0.529239766,0.539473684,0.554824561,0.541666667
LinearSVC,addition_w_o,original,1440_pairs,External,0.498245614,0.003416176,0.499269006,0.498538012,0.492690058,0.495614035,0.502192982,0.504385965,0.499269006,0.494152047,0.5,0.496345029
GaussianNB,addition_w_o,standardization,1440_pairs,Standard,0.681012298,0.015558955,0.670647466,0.687837881,0.699962063,0.701076476,0.656665929,0.678685467,0.680171351,0.65840473,0.676338086,0.700333534
KNeighborsClassifier,addition_w_o,standardization,1440_pairs,Standard,0.612119835,0.011527378,0.598755967,0.600605419,0.630923777,0.616230913,0.633433183,0.609900098,0.600949227,0.612251431,0.604351744,0.613796592
DecisionTreeClassifier,addition_w_o,standardization,1440_pairs,Standard,0.610999494,0.017896671,0.629619677,0.594733015,0.586813569,0.626647909,0.605742784,0.582980304,0.616752553,0.640748,0.609576049,0.616381082
RandomForestClassifier,addition_w_o,standardization,1440_pairs,Standard,0.857583541,0.007041298,0.866337612,0.864219437,0.858817299,0.866349467,0.863757074,0.846037115,0.851221903,0.849210426,0.855576808,0.854308274
MLPClassifier,addition_w_o,standardization,1440_pairs,Standard,0.810786096,0.012853256,0.824665676,0.817939679,0.80028295,0.810723657,0.818651007,0.808178685,0.830340489,0.805025134,0.782278461,0.809775221
LinearSVC,addition_w_o,standardization,1440_pairs,Standard,0.793311941,0.017806944,0.790348076,0.76991717,0.811743227,0.826262211,0.792110588,0.779101198,0.804052986,0.807277671,0.76956941,0.782736872
GaussianNB,addition_w_o,standardization,1440_pairs,Stratified,0.690946382,0.011564608,0.678685467,0.694642914,0.686976384,0.701447947,0.666071259,0.69921912,0.702933831,0.704048244,0.69118112,0.684257532
KNeighborsClassifier,addition_w_o,standardization,1440_pairs,Stratified,0.614796402,0.013563539,0.633128893,0.619198729,0.616057033,0.623498309,0.603498151,0.592409345,0.615132307,0.625320097,0.592274983,0.627446176
DecisionTreeClassifier,addition_w_o,standardization,1440_pairs,Stratified,0.615810439,0.017385401,0.57951851,0.60994752,0.638772091,0.613037843,0.623304669,0.605118397,0.600423635,0.621447314,0.639886504,0.626647909
RandomForestClassifier,addition_w_o,standardization,1440_pairs,Stratified,0.853795723,0.004022192,0.853936803,0.847961652,0.854051405,0.863405362,0.852537858,0.850644937,0.854284563,0.850763492,0.857477633,0.852893522
MLPClassifier,addition_w_o,standardization,1440_pairs,Stratified,0.814522936,0.008418955,0.823835794,0.817362714,0.822950586,0.794623945,0.817165123,0.821820366,0.811893396,0.809150833,0.818089849,0.808336758
LinearSVC,addition_w_o,standardization,1440_pairs,Stratified,0.796333502,0.022921741,0.76138124,0.809127122,0.811608865,0.832205748,0.820136891,0.759342101,0.790134678,0.790245329,0.781693592,0.807459454
GaussianNB,addition_w_o,standardization,1440_pairs,LODO,0.5,0,0.5,0.5,0.5,0.5,0.5,0.5,0.5,0.5,0.5,0.5
KNeighborsClassifier,addition_w_o,standardization,1440_pairs,LODO,0.602763112,1.11E-16,0.602763112,0.602763112,0.602763112,0.602763112,0.602763112,0.602763112,0.602763112,0.602763112,0.602763112,0.602763112
DecisionTreeClassifier,addition_w_o,standardization,1440_pairs,LODO,0.579212639,0.011716481,0.587437956,0.561585154,0.571361955,0.581375865,0.574199361,0.563442509,0.583604692,0.603023932,0.587437956,0.578657014
RandomForestClassifier,addition_w_o,standardization,1440_pairs,LODO,0.605706032,0.012114132,0.593709494,0.59821852,0.613436976,0.620044418,0.616132117,0.615080933,0.599992887,0.610516582,0.611073788,0.578854605
MLPClassifier,addition_w_o,standardization,1440_pairs,LODO,0.640359932,0.042247585,0.658183428,0.60054219,0.590583605,0.652595555,0.656626411,0.612674275,0.66229332,0.714939458,0.681973381,0.573187696
LinearSVC,addition_w_o,standardization,1440_pairs,LODO,0.660538712,0.011513245,0.64884923,0.666553381,0.652642977,0.675452879,0.662980936,0.656128482,0.660364832,0.684154785,0.645632449,0.65262717
GaussianNB,addition_w_o,standardization,1440_pairs,LOEO,0.505390282,0,0.505390282,0.505390282,0.505390282,0.505390282,0.505390282,0.505390282,0.505390282,0.505390282,0.505390282,0.505390282
KNeighborsClassifier,addition_w_o,standardization,1440_pairs,LOEO,0.529788815,0,0.529788815,0.529788815,0.529788815,0.529788815,0.529788815,0.529788815,0.529788815,0.529788815,0.529788815,0.529788815
DecisionTreeClassifier,addition_w_o,standardization,1440_pairs,LOEO,0.571972116,0.024050721,0.596218899,0.59659037,0.56009927,0.572713477,0.604628371,0.56009927,0.536712402,0.598937751,0.549089501,0.544631849
RandomForestClassifier,addition_w_o,standardization,1440_pairs,LOEO,0.81622459,0.004126453,0.814256584,0.814224969,0.815604154,0.81149031,0.82046094,0.814051089,0.817414087,0.809960956,0.822729285,0.822053523
MLPClassifier,addition_w_o,standardization,1440_pairs,LOEO,0.748039898,0.019769807,0.718227372,0.758630774,0.78095065,0.725214189,0.752513357,0.747044039,0.76233758,0.747439221,0.766882173,0.721159622
LinearSVC,addition_w_o,standardization,1440_pairs,LOEO,0.746162783,0.015287071,0.740049319,0.762029338,0.736326705,0.761065094,0.740207391,0.708221365,0.749122696,0.751770415,0.755105751,0.757729759
GaussianNB,addition_w_o,standardization,1440_pairs,External,0.5,0,0.5,0.5,0.5,0.5,0.5,0.5,0.5,0.5,0.5,0.5
KNeighborsClassifier,addition_w_o,standardization,1440_pairs,External,0.578947368,1.11E-16,0.578947368,0.578947368,0.578947368,0.578947368,0.578947368,0.578947368,0.578947368,0.578947368,0.578947368,0.578947368
DecisionTreeClassifier,addition_w_o,standardization,1440_pairs,External,0.519298246,0.04011713,0.414473684,0.562865497,0.549707602,0.510964912,0.538011696,0.548976608,0.511695906,0.524853801,0.494883041,0.536549708
RandomForestClassifier,addition_w_o,standardization,1440_pairs,External,0.676644737,0.033412131,0.657894737,0.647295322,0.714181287,0.679824561,0.69371345,0.709795322,0.615497076,0.695175439,0.715643275,0.637426901
MLPClassifier,addition_w_o,standardization,1440_pairs,External,0.532748538,0.061328449,0.555555556,0.550438596,0.475146199,0.630116959,0.534356725,0.616959064,0.415204678,0.480994152,0.520467836,0.548245614
LinearSVC,addition_w_o,standardization,1440_pairs,External,0.602046784,0.04531244,0.608918129,0.643274854,0.490497076,0.580409357,0.64254386,0.586988304,0.585526316,0.59502924,0.633040936,0.654239766
GaussianNB,addition_w,original,1440_pairs,Standard,0.478886219,0.034607998,0.469887136,0.473159243,0.456869843,0.523216939,0.499703614,0.455925358,0.529188138,0.517320825,0.429527204,0.434063893
KNeighborsClassifier,addition_w,original,1440_pairs,Standard,0.671452452,0.007196277,0.660246277,0.677191679,0.678393032,0.667754734,0.678234959,0.679143878,0.669627897,0.665454775,0.677701464,0.660775821
DecisionTreeClassifier,addition_w,original,1440_pairs,Standard,0.622441592,0.021499577,0.638029149,0.595594512,0.627762322,0.591642692,0.624419083,0.657329835,0.618356992,0.654729537,0.608461636,0.608090165
RandomForestClassifier,addition_w,original,1440_pairs,Standard,0.85288957,0.008005085,0.861101451,0.846614081,0.859749929,0.838643261,0.85862366,0.850103538,0.859564193,0.848107869,0.862567576,0.843820145
MLPClassifier,addition_w,original,1440_pairs,Standard,0.491218267,0.014951486,0.485884101,0.484540482,0.493953716,0.48551263,0.504963485,0.489737125,0.46066359,0.502058898,0.520162183,0.484706459
LinearSVC,addition_w,original,1440_pairs,Standard,0.556393649,0.026954718,0.576562549,0.56933072,0.580316778,0.558973001,0.536506908,0.578842749,0.523141855,0.582375676,0.55996886,0.497917391
GaussianNB,addition_w,original,1440_pairs,Stratified,0.49655678,0.005550019,0.49852202,0.493056653,0.485895956,0.495431697,0.501268534,0.498628719,0.505220353,0.489903101,0.502054946,0.495585818
KNeighborsClassifier,addition_w,original,1440_pairs,Stratified,0.670238453,0.008457585,0.652334735,0.661874427,0.671129588,0.685221776,0.674310803,0.670212766,0.675579337,0.666798394,0.66841864,0.676504062
DecisionTreeClassifier,addition_w,original,1440_pairs,Stratified,0.621166735,0.017708979,0.606114255,0.593247131,0.617242578,0.635800322,0.635428851,0.65410515,0.60228099,0.628505264,0.62936676,0.609576049
RandomForestClassifier,addition_w,original,1440_pairs,Stratified,0.85979577,0.005216884,0.860718125,0.863413265,0.855782302,0.868665233,0.856418545,0.863002276,0.865254813,0.84973997,0.857734501,0.857228668
MLPClassifier,addition_w,original,1440_pairs,Stratified,0.490435411,0.008210835,0.501462173,0.487784926,0.484006987,0.501513547,0.491084695,0.498363947,0.494779647,0.488832158,0.477786823,0.478739212
LinearSVC,addition_w,original,1440_pairs,Stratified,0.553664127,0.02317626,0.562964339,0.564801935,0.539040024,0.516230122,0.578380386,0.536680788,0.525437862,0.590409725,0.547540388,0.575155702
GaussianNB,addition_w,original,1440_pairs,LODO,0.361496633,5.55E-17,0.361496633,0.361496633,0.361496633,0.361496633,0.361496633,0.361496633,0.361496633,0.361496633,0.361496633,0.361496633
KNeighborsClassifier,addition_w,original,1440_pairs,LODO,0.520304448,1.11E-16,0.520304448,0.520304448,0.520304448,0.520304448,0.520304448,0.520304448,0.520304448,0.520304448,0.520304448,0.520304448
DecisionTreeClassifier,addition_w,original,1440_pairs,LODO,0.571564288,0.008313836,0.572191837,0.574199361,0.583335968,0.577661155,0.566769941,0.562193734,0.579739812,0.57011318,0.575550884,0.55388701
RandomForestClassifier,addition_w,original,1440_pairs,LODO,0.613507319,0.011651935,0.628054756,0.614930764,0.591338402,0.61602937,0.620297335,0.598036736,0.629220543,0.605110493,0.619941671,0.612113117
MLPClassifier,addition_w,original,1440_pairs,LODO,0.476039724,0.041769698,0.414897569,0.460303974,0.450661535,0.484252,0.547279568,0.477881667,0.482706838,0.410084253,0.510851696,0.521478139
LinearSVC,addition_w,original,1440_pairs,LODO,0.563374538,0.056009214,0.63831368,0.5519111,0.562067276,0.574254687,0.419122064,0.603395403,0.561822263,0.537257753,0.57441276,0.611188391
GaussianNB,addition_w,original,1440_pairs,LOEO,0.124798457,1.39E-17,0.124798457,0.124798457,0.124798457,0.124798457,0.124798457,0.124798457,0.124798457,0.124798457,0.124798457,0.124798457
KNeighborsClassifier,addition_w,original,1440_pairs,LOEO,0.665849957,1.11E-16,0.665849957,0.665849957,0.665849957,0.665849957,0.665849957,0.665849957,0.665849957,0.665849957,0.665849957,0.665849957
DecisionTreeClassifier,addition_w,original,1440_pairs,LOEO,0.594088869,0.011051243,0.582221555,0.592622744,0.598921944,0.610927571,0.587912175,0.593855711,0.588165091,0.573930638,0.606351364,0.605979893
RandomForestClassifier,addition_w,original,1440_pairs,LOEO,0.819383674,0.005240061,0.81683317,0.812687711,0.813197496,0.822448705,0.813233063,0.828012867,0.818409946,0.825886788,0.823859505,0.819267491
MLPClassifier,addition_w,original,1440_pairs,LOEO,0.501096235,0.036115749,0.524228605,0.514949733,0.487927192,0.461220796,0.448065189,0.577222503,0.499091082,0.490104644,0.53410025,0.474052354
LinearSVC,addition_w,original,1440_pairs,LOEO,0.565564636,0.031313281,0.593749012,0.56670276,0.560435174,0.602545762,0.51728921,0.572946635,0.586833328,0.500312194,0.566473554,0.58835873
GaussianNB,addition_w,original,1440_pairs,External,0.5,0,0.5,0.5,0.5,0.5,0.5,0.5,0.5,0.5,0.5,0.5
KNeighborsClassifier,addition_w,original,1440_pairs,External,0.460526316,5.55E-17,0.460526316,0.460526316,0.460526316,0.460526316,0.460526316,0.460526316,0.460526316,0.460526316,0.460526316,0.460526316
DecisionTreeClassifier,addition_w,original,1440_pairs,External,0.575730994,0.051639654,0.627923977,0.627923977,0.504385965,0.543859649,0.530701754,0.603070175,0.557748538,0.655701754,0.505116959,0.600877193
RandomForestClassifier,addition_w,original,1440_pairs,External,0.806432749,0.017732598,0.816520468,0.811769006,0.830409357,0.78874269,0.789108187,0.785453216,0.790204678,0.839912281,0.805190058,0.807017544
MLPClassifier,addition_w,original,1440_pairs,External,0.5,0,0.5,0.5,0.5,0.5,0.5,0.5,0.5,0.5,0.5,0.5
LinearSVC,addition_w,original,1440_pairs,External,0.654897661,0.057333852,0.717836257,0.573830409,0.660818713,0.706871345,0.551169591,0.661549708,0.722222222,0.625,0.704678363,0.625
GaussianNB,addition_w,standardization,1440_pairs,Standard,0.689871882,0.008993019,0.695014385,0.699962063,0.683261674,0.691090228,0.700705005,0.677571054,0.673990705,0.687837881,0.700333534,0.688952294
KNeighborsClassifier,addition_w,standardization,1440_pairs,Standard,0.618307594,0.009410808,0.630425848,0.610429642,0.615827827,0.62367614,0.6151165,0.620281528,0.612235623,0.61033875,0.606651702,0.638092378
DecisionTreeClassifier,addition_w,standardization,1440_pairs,Standard,0.621315324,0.011471324,0.609204578,0.601166577,0.625533496,0.625904967,0.609204578,0.635800322,0.619471405,0.620585818,0.639633587,0.626647909
RandomForestClassifier,addition_w,standardization,1440_pairs,Standard,0.858049856,0.005024108,0.863855869,0.849751826,0.859872435,0.856177484,0.854063261,0.861994562,0.867369037,0.858327274,0.854379406,0.854707407
MLPClassifier,addition_w,standardization,1440_pairs,Standard,0.820044418,0.010445254,0.807783504,0.828704436,0.810865923,0.815845215,0.827787613,0.808890013,0.831786855,0.83573077,0.807285574,0.825764282
LinearSVC,addition_w,standardization,1440_pairs,Standard,0.795600835,0.018617,0.820856122,0.79052986,0.80338908,0.80388701,0.814904682,0.770675919,0.808605482,0.777599507,0.803483924,0.76207676
GaussianNB,addition_w,standardization,1440_pairs,Stratified,0.684809997,0.010550158,0.687837881,0.702933831,0.694152888,0.669533053,0.675223673,0.678685467,0.696247352,0.671018937,0.685861971,0.686604913
KNeighborsClassifier,addition_w,standardization,1440_pairs,Stratified,0.616220243,0.013812908,0.630026714,0.62350226,0.598562328,0.593685783,0.638017293,0.627726755,0.610287376,0.620455408,0.602691979,0.61724653
DecisionTreeClassifier,addition_w,standardization,1440_pairs,Stratified,0.624381935,0.02028465,0.632085612,0.624047612,0.629738231,0.628252347,0.597451867,0.628995289,0.671801397,0.612666372,0.624047612,0.594733015
RandomForestClassifier,addition_w,standardization,1440_pairs,Stratified,0.854335541,0.004980994,0.85618934,0.853442825,0.842863804,0.857295849,0.85675445,0.850530334,0.851798868,0.86094733,0.860022604,0.853510006
MLPClassifier,addition_w,standardization,1440_pairs,Stratified,0.813427492,0.012013087,0.822507983,0.821599064,0.816113939,0.821765041,0.798014606,0.802219342,0.792956277,0.807554298,0.818856502,0.832687869
LinearSVC,addition_w,standardization,1440_pairs,Stratified,0.792996586,0.010434533,0.794797825,0.78138535,0.791209573,0.7919209,0.774777908,0.807902058,0.802116594,0.791691695,0.808787266,0.785376687
GaussianNB,addition_w,standardization,1440_pairs,LODO,0.5,0,0.5,0.5,0.5,0.5,0.5,0.5,0.5,0.5,0.5,0.5
KNeighborsClassifier,addition_w,standardization,1440_pairs,LODO,0.593914988,0,0.593914988,0.593914988,0.593914988,0.593914988,0.593914988,0.593914988,0.593914988,0.593914988,0.593914988,0.593914988
DecisionTreeClassifier,addition_w,standardization,1440_pairs,LODO,0.576409219,0.012042126,0.581241504,0.562818121,0.581004394,0.587643451,0.590393917,0.569828649,0.578404097,0.584450381,0.548552053,0.579755619
RandomForestClassifier,addition_w,standardization,1440_pairs,LODO,0.613147703,0.012977324,0.598692738,0.611607284,0.610437545,0.624675951,0.621376182,0.625387278,0.593946603,0.595080775,0.63327511,0.616997566
MLPClassifier,addition_w,standardization,1440_pairs,LODO,0.631382979,0.021115324,0.61496633,0.605165818,0.668892858,0.63479656,0.639364864,0.653417533,0.650366729,0.624901205,0.623201922,0.598755967
LinearSVC,addition_w,standardization,1440_pairs,LODO,0.677047042,0.023357935,0.635104802,0.651125478,0.710726819,0.67936518,0.660649363,0.678503683,0.703218362,0.676962474,0.66850558,0.706308685
GaussianNB,addition_w,standardization,1440_pairs,LOEO,0.505390282,0,0.505390282,0.505390282,0.505390282,0.505390282,0.505390282,0.505390282,0.505390282,0.505390282,0.505390282,0.505390282
KNeighborsClassifier,addition_w,standardization,1440_pairs,LOEO,0.525584079,1.11E-16,0.525584079,0.525584079,0.525584079,0.525584079,0.525584079,0.525584079,0.525584079,0.525584079,0.525584079,0.525584079
DecisionTreeClassifier,addition_w,standardization,1440_pairs,LOEO,0.606790806,0.01163274,0.610184629,0.61624672,0.611907622,0.616736746,0.600779299,0.585311878,0.620822927,0.617479688,0.593112769,0.595325788
RandomForestClassifier,addition_w,standardization,1440_pairs,LOEO,0.822343587,0.003459913,0.823488034,0.828364579,0.818062186,0.819476937,0.821709715,0.816536784,0.821484461,0.823875312,0.824254687,0.826183175
MLPClassifier,addition_w,standardization,1440_pairs,LOEO,0.743919731,0.016442381,0.721392779,0.735524485,0.742795833,0.736433404,0.756287345,0.74400509,0.7690043,0.76322674,0.754801461,0.71572587
LinearSVC,addition_w,standardization,1440_pairs,LOEO,0.743824097,0.009602505,0.755188739,0.751481932,0.727407448,0.745909867,0.756263634,0.727494388,0.743586197,0.741784167,0.748668237,0.740456356
GaussianNB,addition_w,standardization,1440_pairs,External,0.5,0,0.5,0.5,0.5,0.5,0.5,0.5,0.5,0.5,0.5,0.5
KNeighborsClassifier,addition_w,standardization,1440_pairs,External,0.65752924,0,0.65752924,0.65752924,0.65752924,0.65752924,0.65752924,0.65752924,0.65752924,0.65752924,0.65752924,0.65752924
DecisionTreeClassifier,addition_w,standardization,1440_pairs,External,0.550292398,0.061600561,0.489766082,0.575292398,0.584795322,0.464181287,0.476608187,0.562134503,0.504385965,0.628654971,0.561403509,0.655701754
RandomForestClassifier,addition_w,standardization,1440_pairs,External,0.817799708,0.027096746,0.782894737,0.823464912,0.847222222,0.816885965,0.785453216,0.774488304,0.812134503,0.845394737,0.848684211,0.841374269
MLPClassifier,addition_w,standardization,1440_pairs,External,0.512207602,0.089470847,0.604532164,0.349415205,0.628654971,0.416666667,0.560672515,0.477339181,0.56871345,0.405701754,0.571637427,0.53874269
LinearSVC,addition_w,standardization,1440_pairs,External,0.679751462,0.112537232,0.766812865,0.528508772,0.791666667,0.707602339,0.790204678,0.780701754,0.618421053,0.493421053,0.763157895,0.557017544
AdaBoostClassifier,concat_w_o,original,1440_pairs,LODO,0.740652762,0.012099759,0.737769119,0.750205495,0.74615488,0.751122317,0.727656413,0.74278793,0.731185388,0.761689482,0.740076981,0.717879612
AdaBoostClassifier,concat_w_o,standardization,1440_pairs,LODO,0.748451282,0.012894997,0.763159559,0.748585249,0.759907211,0.750584869,0.758322532,0.724230186,0.754212639,0.753900446,0.724763681,0.746846448
AdaBoostClassifier,concat_w,original,1440_pairs,LODO,0.725177832,0.013673239,0.724953369,0.717065537,0.736674465,0.731513389,0.735986848,0.718069299,0.698571022,0.739187822,0.708150232,0.741606336
AdaBoostClassifier,concat_w,standardization,1440_pairs,LODO,0.72747621,0.011565483,0.743131738,0.716038064,0.739013942,0.715555942,0.706925168,0.733686889,0.72239259,0.741448263,0.729545383,0.727024122
AdaBoostClassifier,codrug_w_o,original,1440_pairs,LODO,0.666004078,0.013498392,0.653385919,0.63755493,0.68066928,0.668782207,0.660673074,0.685008378,0.674883817,0.674441213,0.667976036,0.656665929
AdaBoostClassifier,codrug_w_o,standardization,1440_pairs,LODO,0.675336695,0.012800994,0.651749866,0.678993709,0.675373842,0.68963991,0.656025734,0.691560494,0.684233821,0.669082546,0.685126932,0.671580095
AdaBoostClassifier,codrug_w,original,1440_pairs,LODO,0.654045873,0,0.654045873,0.654045873,0.654045873,0.654045873,0.654045873,0.654045873,0.654045873,0.654045873,0.654045873,0.654045873
AdaBoostClassifier,codrug_w,standardization,1440_pairs,LODO,0.623462742,1.11E-16,0.623462742,0.623462742,0.623462742,0.623462742,0.623462742,0.623462742,0.623462742,0.623462742,0.623462742,0.623462742
AdaBoostClassifier,addition_w_o,original,1440_pairs,LODO,0.59022636,0.007652742,0.596519237,0.584679586,0.581573456,0.597886567,0.583944548,0.596519237,0.579020581,0.599728115,0.584679586,0.597712687
AdaBoostClassifier,addition_w_o,standardization,1440_pairs,LODO,0.594302267,0.00751523,0.599728115,0.598937751,0.598937751,0.583944548,0.581802662,0.599909899,0.582877557,0.599909899,0.598036736,0.598937751
AdaBoostClassifier,addition_w,original,1440_pairs,LODO,0.652375834,4.74E-06,0.652374253,0.652374253,0.65239006,0.652374253,0.652374253,0.652374253,0.652374253,0.652374253,0.652374253,0.652374253
AdaBoostClassifier,addition_w,standardization,1440_pairs,LODO,0.646380133,7.24E-06,0.646375391,0.646375391,0.646375391,0.646391199,0.646375391,0.646391199,0.646375391,0.646375391,0.646391199,0.646375391