Model,Featurizer,Transformation,Training_dataset,Mode,AUC_avg,AUC_std,Repeat_1,Repeat_2,Repeat_3,Repeat_4,Repeat_5,Repeat_6,Repeat_7,Repeat_8,Repeat_9,Repeat_10
GaussianNB,concat_w_o,original,all_in_one,Standard,0.6820439229323714,0.010906752964136745,0.6948830377778257,0.6941594487763787,0.6842181998833619,0.668763634792751,0.6634717152299285,0.6764855174201352,0.6805813551634015,0.6822418299241853,0.6990463744951076,0.6765881158606388
KNeighborsClassifier,concat_w_o,original,all_in_one,Standard,0.6098327105427997,0.006049429524259185,0.6074691664686698,0.6166652266885543,0.6156662418731235,0.6073179687668747,0.6057681923234767,0.6120698965375725,0.6138464695336631,0.5950385554139577,0.6138572693695056,0.6106281184525996
DecisionTreeClassifier,concat_w_o,original,all_in_one,Standard,0.6937787545629306,0.013584988595841396,0.6700380154221656,0.6991651726893752,0.7078266410350563,0.6798982655463637,0.7022863252478562,0.6963842149599325,0.698441583687928,0.6720737844784759,0.7056558740307146,0.7060176685314383
RandomForestClassifier,concat_w_o,original,all_in_one,Standard,0.8890330366978422,0.003456704482601991,0.8868177203706503,0.892619932177031,0.8872983130656414,0.8828352809037302,0.8853408428191892,0.8926226321359916,0.8947286001252781,0.8894069810138887,0.8900441713285958,0.8886158930384258
MLPClassifier,concat_w_o,original,all_in_one,Standard,0.8591031816316391,0.0055662814924468534,0.8566861783700886,0.8626152882476187,0.863079681188846,0.8603311229669308,0.8651046504093138,0.8489156964814134,0.865282847700715,0.8582359548134868,0.849558286714042,0.8612221094239366
LinearSVC,concat_w_o,original,all_in_one,Standard,0.8749384409356977,0.003060675621343062,0.8762230814091625,0.8781400522712055,0.8748839017646932,0.8756614899453528,0.8742035121066161,0.878501846771929,0.8671350195477029,0.8750890986457006,0.872896731969674,0.8766496749249412
GaussianNB,concat_w_o,original,all_in_one,Stratified,0.6816124694904637,0.009512530910570877,0.6680400457913039,0.6923234766831544,0.6795958701427738,0.6912380931809837,0.6900663109920728,0.6927122707734843,0.6727514741775925,0.6664794695120634,0.6833272134263558,0.6795904702248525
KNeighborsClassifier,concat_w_o,original,all_in_one,Stratified,0.612625548091669,0.005545856853078313,0.6178451087543468,0.613954467892088,0.6141137654707648,0.6030250340194828,0.6199699764563579,0.6093942372075944,0.6118673996155258,0.6136952718318681,0.6036460245804264,0.6187441950882346
DecisionTreeClassifier,concat_w_o,original,all_in_one,Stratified,0.6993871093159383,0.012456490924409641,0.69663261118431,0.7123949715964317,0.7257597684515195,0.6915674881741798,0.6944618441799685,0.6847149923321164,0.7133669568222563,0.6906171026200402,0.6910922953971099,0.6932630624014515
RandomForestClassifier,concat_w_o,original,all_in_one,Stratified,0.8882627384063762,0.00495579755305565,0.8794576322439899,0.8887184914789295,0.8901116703026113,0.896545672505778,0.8906138626692874,0.8843364580858369,0.8900495712465168,0.8921663390716462,0.8808940104110419,0.889733676048124
MLPClassifier,concat_w_o,original,all_in_one,Stratified,0.866841264012787,0.008389672353401576,0.8695109834330518,0.8782858500550792,0.8707421647190963,0.8734151240901138,0.8479329114197465,0.8707853640624661,0.8613247078644405,0.8679342074000476,0.8709149620925762,0.8575663649912522
LinearSVC,concat_w_o,original,all_in_one,Stratified,0.8663639112685487,0.012240626514916746,0.8818875953085512,0.8675670129814027,0.8416582067952567,0.8743061105471196,0.8660820355530596,0.871654750847787,0.8722433419012031,0.8746625051299219,0.8683554009979048,0.84522215262328
GaussianNB,concat_w_o,original,all_in_one,LODO,0.5814307622524136,1.1102230246251565e-16,0.5814307622524137,0.5814307622524137,0.5814307622524137,0.5814307622524137,0.5814307622524137,0.5814307622524137,0.5814307622524137,0.5814307622524137,0.5814307622524137,0.5814307622524137
KNeighborsClassifier,concat_w_o,original,all_in_one,LODO,0.5975819167548655,1.1102230246251565e-16,0.5975819167548654,0.5975819167548654,0.5975819167548654,0.5975819167548654,0.5975819167548654,0.5975819167548654,0.5975819167548654,0.5975819167548654,0.5975819167548654,0.5975819167548654
DecisionTreeClassifier,concat_w_o,original,all_in_one,LODO,0.6577478022334061,0.010764770167765472,0.6625537291833165,0.6680940449705164,0.6451173942156079,0.631617599412489,0.663525714409141,0.6689526319199949,0.6582337948463184,0.6613549474047995,0.6613549474047995,0.6566732185670777
RandomForestClassifier,concat_w_o,original,all_in_one,LODO,0.7736003412748127,0.010486594097487421,0.764655377238266,0.7824508067477374,0.7801531416722466,0.7716563708231636,0.7936853359828931,0.7737299393049225,0.7517171738989566,0.770130894010411,0.7736921398794738,0.7741322331900555
MLPClassifier,concat_w_o,original,all_in_one,LODO,0.7352954835086506,0.005773400448198287,0.7374397909151781,0.7429153076873232,0.7312838844849558,0.7260945633626368,0.7361546104499211,0.7359386137330712,0.7452156727217747,0.7356416182474027,0.7269153508866665,0.7353554225975766
LinearSVC,concat_w_o,original,all_in_one,LODO,0.7672527377583861,0.0016930960207513094,0.7678143292221957,0.7687917143659415,0.7659189580318378,0.7683435211784782,0.7700498952415924,0.765810959673413,0.7646715769920298,0.7687107155971229,0.7651737693587058,0.7672419379225435
GaussianNB,concat_w_o,original,all_in_one,LOEO,0.5443279262155215,1.1102230246251565e-16,0.5443279262155216,0.5443279262155216,0.5443279262155216,0.5443279262155216,0.5443279262155216,0.5443279262155216,0.5443279262155216,0.5443279262155216,0.5443279262155216,0.5443279262155216
KNeighborsClassifier,concat_w_o,original,all_in_one,LOEO,0.5747672635375942,0.0,0.5747672635375942,0.5747672635375942,0.5747672635375942,0.5747672635375942,0.5747672635375942,0.5747672635375942,0.5747672635375942,0.5747672635375942,0.5747672635375942,0.5747672635375942
DecisionTreeClassifier,concat_w_o,original,all_in_one,LOEO,0.5852036849039894,0.005918961370946181,0.586976477957535,0.5844439164524698,0.5809609693932652,0.5787902023889236,0.5808259714452341,0.5868414800095039,0.5896224377389464,0.5981705078082813,0.5884236559604294,0.5769812298853056
RandomForestClassifier,concat_w_o,original,all_in_one,LOEO,0.8624570706525262,0.0030399823877911144,0.867472514417781,0.8664789295202714,0.8574772663455515,0.8605795191913084,0.8600260276043805,0.8631849795883103,0.860755016523749,0.8616163034321879,0.8657904399853122,0.8611897099164094
MLPClassifier,concat_w_o,original,all_in_one,LOEO,0.6950714949132772,0.004945777395419396,0.693840853619025,0.6959846210337602,0.6885651338099661,0.6979555910750157,0.6975613970667646,0.6845367950407154,0.7027291185173985,0.6944510443441261,0.6988033781886515,0.6962870164373502
LinearSVC,concat_w_o,original,all_in_one,LOEO,0.8093170183813208,0.001348511632607515,0.8074551266820745,0.8094854958204635,0.8078763202799317,0.8099066894183208,0.8083299133853165,0.8091561008272674,0.8085621098559302,0.8118452599520488,0.8091669006631098,0.8113862669287428
GaussianNB,concat_w_o,standardization,all_in_one,Standard,0.6768278722163423,0.013896710162256408,0.67970926841912,0.6522776853791823,0.6740555543555737,0.6826036244249089,0.6904281054927965,0.6504687128755643,0.6918752834956908,0.6895911182150032,0.6799576646434974,0.677311704862086
KNeighborsClassifier,concat_w_o,standardization,all_in_one,Standard,0.6910391062055856,0.008366776663147784,0.6960764196384215,0.6851253860941314,0.6755648314145624,0.6883680368058406,0.6817855368598396,0.6992137719506664,0.7019866298032269,0.686664362701687,0.6955499276410999,0.700056159146381
DecisionTreeClassifier,concat_w_o,standardization,all_in_one,Standard,0.7003526146402574,0.014175065428793923,0.6959090221828629,0.6847149923321164,0.7049322850292676,0.6866373631120807,0.7152893276022205,0.7028965159729573,0.6976045964101345,0.7003639544678921,0.7320236732401668,0.683154416052876
RandomForestClassifier,concat_w_o,standardization,all_in_one,Standard,0.8876025984405036,0.004446472571188864,0.8903627664859494,0.8818011966218113,0.8873712119575783,0.8944019050910424,0.8918882432987019,0.8849655485236624,0.889296282696503,0.8839260643238221,0.8803783182495626,0.8916344471564033
MLPClassifier,concat_w_o,standardization,all_in_one,Standard,0.8495234572434498,0.006444631629417488,0.8586409486575804,0.8396440374106314,0.8421981985873814,0.8554576970430049,0.8522744454284295,0.8511782620904162,0.8578309609693933,0.850038879409033,0.8455353478627123,0.8424357949759164
LinearSVC,concat_w_o,standardization,all_in_one,Standard,0.826099423288766,0.006982288922168365,0.830696373415124,0.8140592262997604,0.8175097738514374,0.8208307233730047,0.835707497246042,0.8202313324837462,0.8276670194613042,0.8328347409119381,0.8296217897487957,0.8318357560965074
GaussianNB,concat_w_o,standardization,all_in_one,Stratified,0.6762376611875499,0.012344109955718024,0.6770633086377087,0.6728567725770569,0.6964436140570663,0.6764747175842928,0.6609391537248633,0.6743039505799513,0.6963302157807202,0.6830788172019786,0.6665928677884096,0.6582931939434521
KNeighborsClassifier,concat_w_o,standardization,all_in_one,Stratified,0.695304231375683,0.012672480046529206,0.7025077218826273,0.6820015335766896,0.6917186858759747,0.7146413374516708,0.6784780871330757,0.7119494783679288,0.6949748363824869,0.7012036417046461,0.6996592651791693,0.6759077262025617
DecisionTreeClassifier,concat_w_o,standardization,all_in_one,Stratified,0.6969085469900858,0.014106658276043564,0.6969944056850336,0.6824308270514288,0.7093872173142968,0.7059042702550922,0.6780892930427458,0.7130051623215327,0.7204678488886969,0.6962708166835865,0.6820690325507053,0.6844665961077392
RandomForestClassifier,concat_w_o,standardization,all_in_one,Stratified,0.8899839622437741,0.003158984533267425,0.8868096204937684,0.8869419184828391,0.8902979674708944,0.8931896235177227,0.8883890964857334,0.890889258483271,0.8881515000971986,0.8882324988660172,0.8977120547767674,0.8892260837635267
MLPClassifier,concat_w_o,standardization,all_in_one,Stratified,0.8495982461066591,0.008260243059712414,0.8616757025293216,0.8521772469058471,0.8611303108192754,0.8482947059204701,0.8522042464954532,0.8468583277534184,0.8373814718016287,0.8486727001749573,0.8528306369743179,0.8347571116919021
LinearSVC,concat_w_o,standardization,all_in_one,Stratified,0.8253342549193252,0.007321077601762495,0.8222131023608441,0.8315117610212325,0.8283312093656177,0.8099228891720845,0.8261820420329611,0.8381212605568396,0.8193133464371342,0.823039289802795,0.8310743676696115,0.8236332807741323
GaussianNB,concat_w_o,standardization,all_in_one,LODO,0.5230252500161999,1.1102230246251565e-16,0.5230252500161998,0.5230252500161998,0.5230252500161998,0.5230252500161998,0.5230252500161998,0.5230252500161998,0.5230252500161998,0.5230252500161998,0.5230252500161998,0.5230252500161998
KNeighborsClassifier,concat_w_o,standardization,all_in_one,LODO,0.6187873944316046,1.1102230246251565e-16,0.6187873944316045,0.6187873944316045,0.6187873944316045,0.6187873944316045,0.6187873944316045,0.6187873944316045,0.6187873944316045,0.6187873944316045,0.6187873944316045,0.6187873944316045
DecisionTreeClassifier,concat_w_o,standardization,all_in_one,LODO,0.6617189018726914,0.012548874171694879,0.6516080955569474,0.6438970127654059,0.650636110331123,0.6548642460634598,0.6630505216320711,0.6660582759142061,0.6680940449705164,0.6541406570620126,0.6802600600470873,0.6845799943840853
RandomForestClassifier,concat_w_o,standardization,all_in_one,LODO,0.774333650128518,0.00896044677161898,0.7705682873620321,0.7865655442037282,0.7651494697280601,0.7828396008380671,0.7743509298658661,0.7675497332440546,0.7890900058319114,0.7597279521351276,0.7752662159535175,0.7722287621228158
MLPClassifier,concat_w_o,standardization,all_in_one,LODO,0.5631347603516428,0.019220408113512312,0.5645830183381213,0.5542313756830897,0.5433073417284058,0.5644426204721689,0.5302881396202779,0.5940287707626843,0.5539964792535154,0.5943419660021168,0.5734847830312979,0.558643108624749
LinearSVC,concat_w_o,standardization,all_in_one,LODO,0.6177614100265675,0.0019405354690191765,0.6186955958269434,0.6164816294792319,0.6190627902455882,0.6188683932004233,0.6128528846361536,0.6197107803961379,0.6165086290688382,0.6191653886860919,0.618641596647731,0.6176264120785364
GaussianNB,concat_w_o,standardization,all_in_one,LOEO,0.592101000064799,0.0,0.592101000064799,0.592101000064799,0.592101000064799,0.592101000064799,0.592101000064799,0.592101000064799,0.592101000064799,0.592101000064799,0.592101000064799,0.592101000064799
KNeighborsClassifier,concat_w_o,standardization,all_in_one,LOEO,0.5650555111562304,0.0,0.5650555111562304,0.5650555111562304,0.5650555111562304,0.5650555111562304,0.5650555111562304,0.5650555111562304,0.5650555111562304,0.5650555111562304,0.5650555111562304,0.5650555111562304
DecisionTreeClassifier,concat_w_o,standardization,all_in_one,LOEO,0.5842765189969114,0.011011905007109659,0.5880618614597058,0.5768678316089595,0.5760092446594812,0.591183014018187,0.5710791195973821,0.593715575523252,0.5904594250167398,0.5721645030995529,0.5762576408838586,0.6069669741019937
RandomForestClassifier,concat_w_o,standardization,all_in_one,LOEO,0.8618800894226407,0.003226634651597682,0.858973043609737,0.8608387152515282,0.8667921247597036,0.8607955159081582,0.8580118582197551,0.8627043868933193,0.8664708296433894,0.8659605373998316,0.8597371319955937,0.8585167505453917
MLPClassifier,concat_w_o,standardization,all_in_one,LOEO,0.8123123528522365,0.014773004269046288,0.7844730760092449,0.8180551655614835,0.8245728664924293,0.8123798518262522,0.7936205369678381,0.8374894701600535,0.8215921117999005,0.8024980020303691,0.8091669006631099,0.8192755470116855
LinearSVC,concat_w_o,standardization,all_in_one,LOEO,0.8125629090437825,0.008545098898818446,0.8153390068470959,0.8072661295548307,0.8112134695552627,0.8325215456725058,0.7966606907575005,0.8097122923731559,0.8110406721817828,0.8133248374624705,0.8177743698295785,0.8107760762036417
GaussianNB,concat_w,original,all_in_one,Standard,0.469364645657386,0.02579272242711456,0.47527917575652845,0.494940276907791,0.5108781346523532,0.4386353327429423,0.4328628204851286,0.4727682139231484,0.5043388340497224,0.4536417046460894,0.4613743871093159,0.4489275763008402
KNeighborsClassifier,concat_w,original,all_in_one,Standard,0.7372208242434715,0.008071680683808305,0.7350449273171048,0.7382740782340108,0.7354256215305528,0.7363841069615742,0.7527431583039937,0.7272393459619414,0.7424671144998596,0.7454370693565459,0.7228924120353369,0.7363004082337947
DecisionTreeClassifier,concat_w,original,all_in_one,Standard,0.7100022679655269,0.011136911592512044,0.6944618441799685,0.7015627362464091,0.6974695984621033,0.720581247165043,0.7194958636628722,0.7048188867529215,0.7040952977514742,0.7316618787394432,0.7097490118150204,0.7161263148800138
RandomForestClassifier,concat_w,original,all_in_one,Standard,0.8938686631963193,0.005181553875613043,0.8983168455839473,0.8941157094412164,0.8958652828477008,0.8922500377994254,0.9022425859126942,0.8978605525196017,0.8930870250772189,0.8858457351448257,0.8947340000431994,0.8843688575933645
MLPClassifier,concat_w,original,all_in_one,Standard,0.5261588223858997,0.033706851900087126,0.5790439985312223,0.5242159319178349,0.5635732336868479,0.5384123161327948,0.5199742963906948,0.5018035725856967,0.5316651186901958,0.45564507419487227,0.4975106378383048,0.549744043890533
LinearSVC,concat_w,original,all_in_one,Standard,0.6109175540531784,0.030866699433289027,0.6015967557293129,0.5795731904875046,0.6164411300948227,0.6356837376071883,0.667702550921226,0.6379301034624274,0.577912715726721,0.6323384884549755,0.59413946908007,0.5658573989675357
GaussianNB,concat_w,original,all_in_one,Stratified,0.4933221915026892,0.00725805798618299,0.4978022334060523,0.4937873944316047,0.5000620990560943,0.4914195304231376,0.4960013607793161,0.49623085729096916,0.503588245458669,0.47888632092792194,0.48200747348640294,0.49343639976672354
KNeighborsClassifier,concat_w,original,all_in_one,Stratified,0.7379203836101691,0.00908310143870989,0.7259028662764325,0.7395619586582284,0.7481019288506814,0.7271880467416895,0.7437576948830377,0.738603473227207,0.7529537551029225,0.7400371514352981,0.7240371946346416,0.7390597662915523
DecisionTreeClassifier,concat_w,original,all_in_one,Stratified,0.7053097392919627,0.010707422465536581,0.6907305008963863,0.7170983001058384,0.6930146661770742,0.7149275331014968,0.717460094606562,0.6992785709657213,0.7189072726094563,0.7050456833056138,0.7048188867529215,0.6918158843985571
RandomForestClassifier,concat_w,original,all_in_one,Stratified,0.8947939391321252,0.0051252753945046975,0.9012841004816725,0.8978659524375229,0.8997208242434716,0.8855379398233146,0.8901575696049422,0.8930033263494395,0.8965699721364235,0.8877492062120657,0.896839968032486,0.8992105319999135
MLPClassifier,concat_w,original,all_in_one,Stratified,0.5198846577532021,0.028010980960285405,0.48235306823336277,0.565317407175411,0.5143448819577943,0.4781195325831047,0.5142773829837787,0.5365412445730825,0.5368301401818693,0.533522690455105,0.5488854569410544,0.48865477244745875
LinearSVC,concat_w,original,all_in_one,Stratified,0.589582478346329,0.027887907910926556,0.5306742337516469,0.5575388254098538,0.5851216061515865,0.5794462924163553,0.6160199364969652,0.5997931831436163,0.5888583493530899,0.6186118970991642,0.5913423115968637,0.6284181480441496
GaussianNB,concat_w,original,all_in_one,LODO,0.35827645419789617,0.0,0.35827645419789617,0.35827645419789617,0.35827645419789617,0.35827645419789617,0.35827645419789617,0.35827645419789617,0.35827645419789617,0.35827645419789617,0.35827645419789617,0.35827645419789617
KNeighborsClassifier,concat_w,original,all_in_one,LODO,0.6317336976477959,1.1102230246251565e-16,0.6317336976477957,0.6317336976477957,0.6317336976477957,0.6317336976477957,0.6317336976477957,0.6317336976477957,0.6317336976477957,0.6317336976477957,0.6317336976477957,0.6317336976477957
DecisionTreeClassifier,concat_w,original,all_in_one,LODO,0.6955715273127849,0.005172235914793424,0.6953204311294469,0.7032583104736808,0.6848499902801477,0.6985765816359591,0.7007257489686157,0.6926744713480354,0.6968810074086874,0.6914756895695185,0.6920642806229345,0.6998887616908223
RandomForestClassifier,concat_w,original,all_in_one,LODO,0.7763505194721041,0.007657447012850425,0.774502127567661,0.7760357042572954,0.761977017949327,0.7673553361988898,0.7855368598397303,0.7817974166792663,0.7778959759811651,0.7778149772123464,0.7717616692226279,0.7888281098127309
MLPClassifier,concat_w,original,all_in_one,LODO,0.5150223016610147,0.03331586974004268,0.4623814718016286,0.464876233881245,0.511447825993045,0.5436745361470506,0.5432209430416657,0.525844007171091,0.5633626368879193,0.5119149188932328,0.482596064539819,0.5409043782534505
LinearSVC,concat_w,original,all_in_one,LODO,0.5856038188219539,0.0520527474715851,0.48547962070976525,0.5664135905134242,0.5266485949413569,0.6491025336414885,0.6370769164308702,0.5983541050176038,0.6450795947901592,0.5834665313087241,0.6197377799857442,0.5446789208804026
GaussianNB,concat_w,original,all_in_one,LOEO,0.12503779942544874,0.0,0.12503779942544874,0.12503779942544874,0.12503779942544874,0.12503779942544874,0.12503779942544874,0.12503779942544874,0.12503779942544874,0.12503779942544874,0.12503779942544874,0.12503779942544874
KNeighborsClassifier,concat_w,original,all_in_one,LOEO,0.7584535715057131,0.0,0.7584535715057131,0.7584535715057131,0.7584535715057131,0.7584535715057131,0.7584535715057131,0.7584535715057131,0.7584535715057131,0.7584535715057131,0.7584535715057131,0.7584535715057131
DecisionTreeClassifier,concat_w,original,all_in_one,LOEO,0.6509250059399097,0.02240024322356382,0.63776810592479,0.6173024170032616,0.6425848327105428,0.6814588418256041,0.6433084217119901,0.6381299004255134,0.6272976650754909,0.6619651381299004,0.6884463356156987,0.6709884009763052
RandomForestClassifier,concat_w,original,all_in_one,LOEO,0.8669978616325033,0.0014144341571697848,0.8650290515584163,0.870104974404389,0.8677263105600794,0.8660658357992959,0.8649912521329677,0.8678532086312288,0.866632827181027,0.8670000215996717,0.8673807158131196,0.8671944186448366
MLPClassifier,concat_w,original,all_in_one,LOEO,0.4982083072337301,0.03480485459707391,0.575731148886537,0.4946810808475711,0.4786649242931507,0.4933284014082986,0.528930060263084,0.5308794306326543,0.48833887724906583,0.46266226753353346,0.46844287966822906,0.4604240015551763
LinearSVC,concat_w,original,all_in_one,LOEO,0.622156403222671,0.05642021874709461,0.6702621120158974,0.66694116249433,0.7115768840313627,0.6089082445946823,0.5725127978054734,0.6812725446573213,0.5897169363025682,0.5608489750955785,0.5298804458172236,0.6296439294122729
GaussianNB,concat_w,standardization,all_in_one,Standard,0.677056288744411,0.013929120892947412,0.6830788172019786,0.6616627427263105,0.6826036244249089,0.6665928677884096,0.6814048426463918,0.6874203512106616,0.687058556709938,0.6794824718664275,0.6952448322785493,0.646013780590535
KNeighborsClassifier,concat_w,standardization,all_in_one,Standard,0.695762684407197,0.012518940435937617,0.6975748968615677,0.6884409356977774,0.674476747953431,0.7096491133334774,0.6783970883642568,0.7097328120612567,0.7021243277102187,0.6851739853554226,0.7074999460008208,0.7045569907337409
DecisionTreeClassifier,concat_w,standardization,all_in_one,Standard,0.7010108646348576,0.01194993949577016,0.7086636283128497,0.6824308270514288,0.6925394734000042,0.6955472276821393,0.685665377886256,0.7048188867529215,0.7202194526643194,0.7170983001058384,0.6968594077370025,0.7062660647558158
RandomForestClassifier,concat_w,standardization,all_in_one,Standard,0.8920567207378449,0.005176852927339063,0.8925362334492515,0.8950714949132773,0.8919800419033631,0.8816742985506619,0.8844471564032227,0.894399205132082,0.8903303669784219,0.893122124543707,0.8981440482104672,0.8988622372939932
MLPClassifier,concat_w,standardization,all_in_one,Standard,0.8512881504201136,0.013299039722947194,0.8570263731991274,0.868862993282502,0.8427651899691124,0.844044970516448,0.8538242218718276,0.8305559755491717,0.8604796207097651,0.8693327861416507,0.830388578093613,0.855600794867918
LinearSVC,concat_w,standardization,all_in_one,Standard,0.8209932609024342,0.017631335743130094,0.7934153400868306,0.8321813508434672,0.8171047800073439,0.8446011620623367,0.7889280082942738,0.841426010324643,0.8146154178456488,0.8333261334427716,0.8243190703501305,0.8200153357668962
GaussianNB,concat_w,standardization,all_in_one,Stratified,0.6802843596777329,0.008840746626637067,0.6966920102814438,0.6906765017171739,0.6746765449165172,0.6788722811413267,0.6699624165712682,0.6854979804306975,0.6653940860098926,0.6780352938635332,0.6795958701427738,0.6834406117027021
KNeighborsClassifier,concat_w,standardization,all_in_one,Stratified,0.6929941464889734,0.0061885998634744815,0.692771669870618,0.696130418817634,0.6939569518543318,0.6768149124133312,0.6980635894334406,0.6931793636736723,0.6884301358619349,0.7000912586128691,0.696532712702767,0.6939704516491348
DecisionTreeClassifier,concat_w,standardization,all_in_one,Stratified,0.7140003671944187,0.011933020087759049,0.6959090221828629,0.7231138086701081,0.7286541244573084,0.7031233125256496,0.7048188867529215,0.7232272069464544,0.734556234745232,0.7097490118150204,0.7104726008164676,0.7063794630321619
RandomForestClassifier,concat_w,standardization,all_in_one,Stratified,0.8944664341102015,0.004982785848745407,0.8920502408363393,0.8999071214117547,0.8979820506728297,0.8989540358986543,0.8864289262803206,0.8986084411516946,0.8856540380586214,0.8920124414108906,0.8947501997969631,0.8983168455839471
MLPClassifier,concat_w,standardization,all_in_one,Stratified,0.8529958744627081,0.011806387310199623,0.8591323411884138,0.8570695725424974,0.8615029051558416,0.8653638464695336,0.8492720910642159,0.8644350605870791,0.832942739270363,0.8637978702723719,0.8355562995442469,0.8408860185325184
LinearSVC,concat_w,standardization,all_in_one,Stratified,0.8257457286649243,0.00735204875320051,0.8172235782016114,0.830869170788604,0.822342700390954,0.8308583709527615,0.8190703501306781,0.8200531351923451,0.8235630818411559,0.8376838672052185,0.8371276756593301,0.8186653562865845
GaussianNB,concat_w,standardization,all_in_one,LODO,0.523748839017647,0.0,0.523748839017647,0.523748839017647,0.523748839017647,0.523748839017647,0.523748839017647,0.523748839017647,0.523748839017647,0.523748839017647,0.523748839017647,0.523748839017647
KNeighborsClassifier,concat_w,standardization,all_in_one,LODO,0.6338531654318854,0.0,0.6338531654318854,0.6338531654318854,0.6338531654318854,0.6338531654318854,0.6338531654318854,0.6338531654318854,0.6338531654318854,0.6338531654318854,0.6338531654318854,0.6338531654318854
DecisionTreeClassifier,concat_w,standardization,all_in_one,LODO,0.6973875197097004,0.009002169722653594,0.6891915242888308,0.7006123506922696,0.7079616389830875,0.7038685011987819,0.7075998444823638,0.7013359396937167,0.6786994837678468,0.6949586366287233,0.7015627362464091,0.6880845411149751
RandomForestClassifier,concat_w,standardization,all_in_one,LODO,0.7762841004816727,0.005075150713874832,0.7784278678964079,0.7756091107415167,0.7770400889906474,0.7767106939974513,0.7806499341210015,0.7704656889215283,0.7765432965418925,0.7872864332462147,0.7698257986478606,0.7702820917122061
MLPClassifier,concat_w,standardization,all_in_one,LODO,0.5517692831068969,0.01349292816541613,0.5389118085405101,0.5571743309501695,0.5401564896213578,0.5796892887228116,0.5416576668034645,0.5421895587187073,0.5715084130721213,0.5457832040952978,0.5436799360649718,0.5569421344795559
LinearSVC,concat_w,standardization,all_in_one,LODO,0.6205175281335723,0.0021804734838051184,0.6216871503553145,0.6222217422295181,0.6205045683305614,0.616551828412208,0.62062876644275,0.6198997775233817,0.6224701384538953,0.6229237315592803,0.6165194289046807,0.6217681491241334
GaussianNB,concat_w,standardization,all_in_one,LOEO,0.6023230446897206,0.0,0.6023230446897206,0.6023230446897206,0.6023230446897206,0.6023230446897206,0.6023230446897206,0.6023230446897206,0.6023230446897206,0.6023230446897206,0.6023230446897206,0.6023230446897206
KNeighborsClassifier,concat_w,standardization,all_in_one,LOEO,0.575809447696395,0.0,0.575809447696395,0.575809447696395,0.575809447696395,0.575809447696395,0.575809447696395,0.575809447696395,0.575809447696395,0.575809447696395,0.575809447696395,0.575809447696395
DecisionTreeClassifier,concat_w,standardization,all_in_one,LOEO,0.6417392055640754,0.023373400875648733,0.6800116638227098,0.6398038749811003,0.6484869429984664,0.6111735101626454,0.610201524936821,0.6691794284726872,0.6460677797697475,0.6093645376590275,0.6495723265006371,0.6535304663369117
RandomForestClassifier,concat_w,standardization,all_in_one,LOEO,0.8657642503833942,0.002935362315253585,0.8686226969350067,0.8655771432274229,0.8656743417500055,0.863028381968594,0.8720543447739594,0.8649696524612827,0.8625018899712724,0.8635116746225456,0.868547098084109,0.8631552800397434
MLPClassifier,concat_w,standardization,all_in_one,LOEO,0.8244319286346847,0.010105638504485832,0.8014801175022138,0.8334287318832754,0.8268516318551958,0.8228070933321813,0.8197075404453852,0.8260308443311661,0.8361340907618204,0.8134922349180292,0.8334260319243147,0.8309609693932651
LinearSVC,concat_w,standardization,all_in_one,LOEO,0.8140306067347776,0.01014290282079598,0.8103845821543512,0.8095907942199279,0.8131979393913212,0.8285067066980581,0.8298674860142126,0.7981051688014341,0.8177662699526966,0.8181604639609478,0.7983859645333391,0.8163406916214874
GaussianNB,codrug_w_o,original,all_in_one,Standard,0.6310651878091453,0.010364539017112234,0.6168110244724281,0.6437809145300991,0.6156608419552023,0.6225079378793443,0.634150160917554,0.6337775665809879,0.6502257165691082,0.6288258418472039,0.6341825604250816,0.6307293129144437
KNeighborsClassifier,codrug_w_o,original,all_in_one,Standard,0.5968926172322181,0.008889191468283522,0.5864499859602135,0.6084681512841005,0.6132065792599952,0.5876217681491241,0.6009757651683695,0.5846599131693199,0.5950682549625247,0.5936129770827484,0.6003682744022291,0.5984945028835562
DecisionTreeClassifier,codrug_w_o,original,all_in_one,Standard,0.6831025768408321,0.014189766222180374,0.6951854331814157,0.6918158843985571,0.6880845411149751,0.6992785709657213,0.6683424411948937,0.6682290429185477,0.691702486122211,0.6529418752834957,0.6832678143292221,0.6921776788992806
RandomForestClassifier,codrug_w_o,original,all_in_one,Standard,0.8825909346177937,0.004735429726726044,0.8860509320258333,0.8879652029289155,0.8836452685919174,0.8726888351297059,0.8816634987148195,0.8827056828736203,0.8818065965397326,0.8888318897552758,0.8843418580037584,0.8762095816143596
MLPClassifier,codrug_w_o,original,all_in_one,Standard,0.8551563816229993,0.010385784718409256,0.8594725360174525,0.8696513812990043,0.847139123485323,0.8598991295332311,0.8734313238438777,0.8414638097500918,0.8503412748126229,0.8426355919390025,0.8591431410242564,0.8483865045251312
LinearSVC,codrug_w_o,original,all_in_one,Standard,0.8024791023176447,0.005482276476086678,0.8033133896364776,0.7997278441367691,0.8065425405533837,0.7977406743417499,0.7921463593753375,0.7995172473378404,0.8008348273106248,0.8082435146985767,0.8124014514979372,0.8043231742877508
GaussianNB,codrug_w_o,original,all_in_one,Stratified,0.6308092316996781,0.012396736606869838,0.637932803421388,0.6351221461433786,0.6342824589066247,0.6339287642827829,0.6422230382098192,0.6371768149124134,0.6435028187571549,0.60136725921766,0.6269871697950191,0.6155690433505412
KNeighborsClassifier,codrug_w_o,original,all_in_one,Stratified,0.6006215305527356,0.008897351848435884,0.6064728816121996,0.5999497807633324,0.6102555241160335,0.6090648422143984,0.6054441972482019,0.5981759077262025,0.6029116357431367,0.6018316521588872,0.5779154156856815,0.5941934682592824
DecisionTreeClassifier,codrug_w_o,original,all_in_one,Stratified,0.6828131412402532,0.01375982494311864,0.6896451173942156,0.6694278246970646,0.6798982655463637,0.6577586020692485,0.705180681253645,0.6717119899777523,0.6861621703350109,0.6932630624014515,0.6765287167635052,0.6985549819642741
RandomForestClassifier,codrug_w_o,original,all_in_one,Stratified,0.8838807050132838,0.0028346284717646617,0.8822466898503144,0.8785612458690628,0.8847684515195369,0.8818362960882995,0.8842176598915698,0.8884079961984578,0.8880516016156554,0.8821089919433225,0.8855109402337085,0.8830971769229108
MLPClassifier,codrug_w_o,original,all_in_one,Stratified,0.8580123982115472,0.008023557113180929,0.8694353845821544,0.8618646996565653,0.854488411776141,0.8652396483573448,0.8677020109294339,0.8446767609132341,0.8568103764822774,0.8453841501609176,0.8573719679460872,0.857150571311316
LinearSVC,codrug_w_o,original,all_in_one,Stratified,0.8064410220964641,0.011783604529180074,0.8244648681340043,0.810981273084649,0.7895003995939261,0.8048145668185843,0.8252856556580339,0.804501371579152,0.8013154200056161,0.8053977579540791,0.8104466812104456,0.7877022269261508
GaussianNB,codrug_w_o,original,all_in_one,LODO,0.5389820074734863,0.0,0.5389820074734863,0.5389820074734863,0.5389820074734863,0.5389820074734863,0.5389820074734863,0.5389820074734863,0.5389820074734863,0.5389820074734863,0.5389820074734863,0.5389820074734863
KNeighborsClassifier,codrug_w_o,original,all_in_one,LODO,0.598459403417068,0.0,0.598459403417068,0.598459403417068,0.598459403417068,0.598459403417068,0.598459403417068,0.598459403417068,0.598459403417068,0.598459403417068,0.598459403417068,0.598459403417068
DecisionTreeClassifier,codrug_w_o,original,all_in_one,LODO,0.6143562217854288,0.023651447699948907,0.6181232045272912,0.5666133874765104,0.6505065123010131,0.6072639695876622,0.600956865455645,0.608851545456509,0.6348305505756312,0.6268926712313972,0.5907132211590383,0.6388102900835907
RandomForestClassifier,codrug_w_o,original,all_in_one,LODO,0.7283897984750632,0.006072872685491359,0.726639955072683,0.734483335853295,0.7198684579994383,0.7375504892325637,0.723983195455429,0.7321505713113161,0.719317666371471,0.7264860574119273,0.7278009374257511,0.7356173186167569
MLPClassifier,codrug_w_o,original,all_in_one,LODO,0.7051023824437869,0.008195345060373591,0.7019623301725813,0.7016221353435428,0.7033879085037906,0.7237617988206578,0.7041600967665291,0.6999319610341923,0.7025779208156037,0.7134857550165237,0.7085394302006609,0.6915944877637861
LinearSVC,codrug_w_o,original,all_in_one,LODO,0.6127351664254703,0.00031213954519122166,0.6126530876730674,0.6134198760178845,0.6127124867702012,0.6128744843078385,0.6127934855390198,0.6125828887400911,0.6129122837332872,0.6127502861956499,0.6121184957988638,0.6125342894788
GaussianNB,codrug_w_o,original,all_in_one,LOEO,0.4943057865520445,0.0,0.4943057865520445,0.4943057865520445,0.4943057865520445,0.4943057865520445,0.4943057865520445,0.4943057865520445,0.4943057865520445,0.4943057865520445,0.4943057865520445,0.4943057865520445
KNeighborsClassifier,codrug_w_o,original,all_in_one,LOEO,0.570147633755967,1.1102230246251565e-16,0.5701476337559669,0.5701476337559669,0.5701476337559669,0.5701476337559669,0.5701476337559669,0.5701476337559669,0.5701476337559669,0.5701476337559669,0.5701476337559669,0.5701476337559669
DecisionTreeClassifier,codrug_w_o,original,all_in_one,LOEO,0.6280050543231743,0.03359979859342338,0.676372119143789,0.5901678294489924,0.5988292977946735,0.6017452534721472,0.5979005119122189,0.6010216644707,0.6196783808886106,0.6634825150657709,0.675783528090373,0.6550694429444672
RandomForestClassifier,codrug_w_o,original,all_in_one,LOEO,0.8526994189688315,0.0026820156730363864,0.8534192280277338,0.849312590448625,0.8515994556882736,0.8574475667969848,0.8525876406678616,0.8482785061667063,0.8544506123506922,0.8525606410782558,0.8512538609413137,0.8560840875218696
MLPClassifier,codrug_w_o,original,all_in_one,LOEO,0.6281492321316715,0.006391389044535017,0.6269628701643735,0.6354839406441022,0.6293550338034861,0.6257208890424866,0.6209149620925762,0.6185983973043611,0.6312774045834504,0.6211579583990323,0.6391828844201566,0.6328379808626909
LinearSVC,codrug_w_o,original,all_in_one,LOEO,0.5824934660993153,0.0005873204535708864,0.5824405469036871,0.5823811478065534,0.5828401408298594,0.5818249562606648,0.5828779402553081,0.5818789554398773,0.5838013262198414,0.5822137503509947,0.5818357560965073,0.5828401408298594
GaussianNB,codrug_w_o,standardization,all_in_one,Standard,0.634972298421064,0.006990448332090484,0.633998963215759,0.6337694667041062,0.6386752921355595,0.6364532259109663,0.6457005853511028,0.645770784284079,0.6232639263883188,0.6342095600146878,0.6251835972093225,0.6326975829967385
KNeighborsClassifier,codrug_w_o,standardization,all_in_one,Standard,0.6829097997710434,0.011438602567090905,0.6984685832775342,0.6818503358748946,0.6925556731537681,0.6794257727282544,0.6869127589260642,0.6681129446832408,0.6691011296628291,0.666468669676221,0.6877929455472276,0.6984091841804005
DecisionTreeClassifier,codrug_w_o,standardization,all_in_one,Standard,0.6773835237704386,0.011405102724831315,0.6859137741106335,0.6578720003455948,0.6646110979113118,0.6697896191977881,0.6761669222627816,0.6776141002656759,0.6694278246970646,0.6943484459036222,0.6900069118949392,0.6880845411149751
RandomForestClassifier,codrug_w_o,standardization,all_in_one,Standard,0.8808737607188372,0.00474122960505585,0.8914724496187658,0.8800705229280515,0.8786530444737239,0.881452901915891,0.8836371687150355,0.8755993908892585,0.8747435038987408,0.8779591550208438,0.8794738319977536,0.8856756377303066
MLPClassifier,codrug_w_o,standardization,all_in_one,Standard,0.8538674212151974,0.008463121344810984,0.866724625785688,0.8371546752489363,0.8563783830485776,0.851912650927706,0.8497850832667343,0.8600989264963173,0.8640678661684342,0.8443041665766681,0.8563999827202625,0.8518478519126509
LinearSVC,codrug_w_o,standardization,all_in_one,Standard,0.8018969911657343,0.007701729380611692,0.8127740458345033,0.8146694170248612,0.7882854180616455,0.798048469663261,0.7926539516599348,0.801121022960451,0.7993498498822819,0.8024818022766055,0.8037939823314687,0.8057919519623301
GaussianNB,codrug_w_o,standardization,all_in_one,Stratified,0.6395792383955763,0.009265286880616315,0.635915934077802,0.6360671317795968,0.6566327191826684,0.6493050305635354,0.6384754951724734,0.6451443938052142,0.6214117545413309,0.6360671317795968,0.6442966066915783,0.6324761863619672
KNeighborsClassifier,codrug_w_o,standardization,all_in_one,Stratified,0.6820080134781952,0.007150394472216042,0.6688500334794911,0.6919292826749034,0.6904470052055208,0.682401127502862,0.6754325334254919,0.6798334665313087,0.6842613992267317,0.6910139965872519,0.6771335075706849,0.6787777825777048
DecisionTreeClassifier,codrug_w_o,standardization,all_in_one,Stratified,0.6782361708102036,0.008427000836190919,0.6860271723869797,0.6771389074886061,0.6877227466142515,0.6825442253277749,0.6713501954770288,0.6784510875434693,0.6903687063956627,0.6783376892671231,0.6668952631919995,0.663525714409141
RandomForestClassifier,codrug_w_o,standardization,all_in_one,Stratified,0.8817369375985485,0.003923032899830879,0.8835156705618076,0.8849196492213318,0.8833266734345637,0.8863452275525413,0.8720705445277231,0.8819415944877637,0.8839665637082317,0.8795467308896905,0.878410048167268,0.8833266734345637
MLPClassifier,codrug_w_o,standardization,all_in_one,Stratified,0.8542643151824093,0.007197719613609169,0.8662656327623819,0.8565025811607664,0.8520206492861307,0.8413018122124545,0.8617891008056677,0.860482320668726,0.8528684363997667,0.8508704667689051,0.8450115558243514,0.8555305959349419
LinearSVC,codrug_w_o,standardization,all_in_one,Stratified,0.8030903730263299,0.010690269770235754,0.8018662116335832,0.8122988530574335,0.7957265049571248,0.8238654772447459,0.8009914249303409,0.7948517182538825,0.8106032788301617,0.7834362917683652,0.8088807050132838,0.7983832645743782
GaussianNB,codrug_w_o,standardization,all_in_one,LODO,0.5203144912197335,0.0,0.5203144912197335,0.5203144912197335,0.5203144912197335,0.5203144912197335,0.5203144912197335,0.5203144912197335,0.5203144912197335,0.5203144912197335,0.5203144912197335,0.5203144912197335
KNeighborsClassifier,codrug_w_o,standardization,all_in_one,LODO,0.6204748687819944,0.0,0.6204748687819944,0.6204748687819944,0.6204748687819944,0.6204748687819944,0.6204748687819944,0.6204748687819944,0.6204748687819944,0.6204748687819944,0.6204748687819944,0.6204748687819944
DecisionTreeClassifier,codrug_w_o,standardization,all_in_one,LODO,0.6041887163315117,0.030383064492743916,0.6306240145149793,0.5367626412078537,0.5692539473400003,0.6093267382335789,0.6183446011620622,0.6336317687971142,0.6031492321316716,0.6348305505756312,0.5838877249065815,0.6220759444456443
RandomForestClassifier,codrug_w_o,standardization,all_in_one,LODO,0.724195142233838,0.01005845961297197,0.72905101842452,0.7147196362615289,0.7150274315830397,0.7225495172473378,0.711071991705726,0.7383334773311445,0.7190665701881331,0.720710845195153,0.7439520919282028,0.7274688424735943
MLPClassifier,codrug_w_o,standardization,all_in_one,LODO,0.635085156705618,0.014552144371220285,0.6341879603430027,0.6311640063071041,0.6379490031751518,0.6258288874009116,0.661322547897272,0.6435973173207766,0.6203533706287663,0.6572294101129663,0.6141164654297254,0.6251025984405036
LinearSVC,codrug_w_o,standardization,all_in_one,LODO,0.6030752532561505,0.0008598054813497418,0.6021502473162408,0.6025930405857831,0.6037432231030088,0.6041536168650236,0.6027712378771842,0.6030196341015617,0.6022960451001145,0.6043318141564249,0.6017722530617534,0.6039214203944101
GaussianNB,codrug_w_o,standardization,all_in_one,LOEO,0.5782178110892715,0.0,0.5782178110892715,0.5782178110892715,0.5782178110892715,0.5782178110892715,0.5782178110892715,0.5782178110892715,0.5782178110892715,0.5782178110892715,0.5782178110892715,0.5782178110892715
KNeighborsClassifier,codrug_w_o,standardization,all_in_one,LOEO,0.5997769833898525,0.0,0.5997769833898525,0.5997769833898525,0.5997769833898525,0.5997769833898525,0.5997769833898525,0.5997769833898525,0.5997769833898525,0.5997769833898525,0.5997769833898525,0.5997769833898525
DecisionTreeClassifier,codrug_w_o,standardization,all_in_one,LOEO,0.6297600276475798,0.03650931141549383,0.7160831155366438,0.602830636974318,0.6580771972266022,0.6351923450763548,0.6086193489858954,0.6075123658120397,0.6054765967557293,0.6595027755578114,0.5883588569453746,0.6159470376050284
RandomForestClassifier,codrug_w_o,standardization,all_in_one,LOEO,0.851489027366784,0.0032361623967547687,0.847865412445731,0.8500928785882454,0.8557141931442642,0.8509244659481177,0.8507327688619133,0.8547962070976521,0.8538404216255912,0.8452248525822408,0.8504519731300084,0.8552471002440762
MLPClassifier,codrug_w_o,standardization,all_in_one,LOEO,0.7892935827375425,0.010939014274519494,0.7864386461325787,0.7962772965850919,0.8033565889798475,0.7997980430697453,0.7870920362010498,0.7681815236408406,0.7817947167203059,0.7943441259692853,0.7756820096334536,0.7999708404432252
LinearSVC,codrug_w_o,standardization,all_in_one,LOEO,0.7377297665075491,0.001597233378036812,0.73870337170875,0.7369213987947384,0.733686847959911,0.7385953733503251,0.7386817720370651,0.7389301682614424,0.7369807978918721,0.7380175821327515,0.7396051580015984,0.7371751949370369
GaussianNB,codrug_w,original,all_in_one,Standard,0.47070787524029634,0.019307725092387883,0.48063319437544555,0.4699062574248872,0.4786217249497808,0.429414972892412,0.4881336803680584,0.4613797870272372,0.49204322094304165,0.44493433699807766,0.4726764153184872,0.489335162105536
KNeighborsClassifier,codrug_w,original,all_in_one,Standard,0.596840238028382,0.008624533983763241,0.6089217443894852,0.5940665701881331,0.6135116746225459,0.59149890921658,0.597641315851999,0.5835313303237791,0.6026092403395469,0.5944067650171717,0.590400025919606,0.5918148044149728
DecisionTreeClassifier,codrug_w,original,all_in_one,Standard,0.6969333866125235,0.01598615856207123,0.7178218891072856,0.7015627362464091,0.706989653757263,0.6765287167635052,0.7149275331014968,0.7007257489686157,0.6892833228934919,0.6939866514028986,0.7040952977514742,0.6634123161327947
RandomForestClassifier,codrug_w,original,all_in_one,Standard,0.8849496187657948,0.006014809715401607,0.8850141477849537,0.8801677214506339,0.8891612847484717,0.8865234248439424,0.8833914724496188,0.8724566386590924,0.892447134803551,0.8855163401516297,0.8941751085383502,0.8806429142277038
MLPClassifier,codrug_w,original,all_in_one,Standard,0.4981656478821521,0.016113392816666485,0.5292729550510832,0.5230333498930816,0.4822072704494892,0.5019898697539797,0.4838569453744303,0.4965062531049528,0.4900317515173769,0.48593861373307123,0.4823746679050478,0.506444802039009
LinearSVC,codrug_w,original,all_in_one,Standard,0.3028147072164503,0.06846276673992162,0.2385899734324038,0.2708409832170551,0.2777852776637795,0.26874581506361106,0.4873965915718081,0.2340324427068709,0.326713933948204,0.2922651575696049,0.32335248504222736,0.3084244119489383
GaussianNB,codrug_w,original,all_in_one,Stratified,0.49504179536471044,0.010497783080882879,0.49189742315916796,0.4830604574810463,0.5052622200142558,0.4975565371406354,0.49781843315981594,0.5002132967578893,0.5007883880165023,0.5022274661425147,0.4692474674384949,0.5023462643367821
KNeighborsClassifier,codrug_w,original,all_in_one,Stratified,0.5976972050024839,0.003935694910763605,0.5959457416247272,0.6005842711190791,0.5971283236494805,0.6017560533079896,0.5983379052638399,0.5975981165086292,0.6026470397649956,0.5946605611594703,0.588348057109532,0.5999659805170962
DecisionTreeClassifier,codrug_w,original,all_in_one,Stratified,0.6939461520184892,0.013880307302520005,0.6907305008963863,0.6992785709657213,0.6824308270514288,0.7241991921722789,0.7072164503099552,0.7000021599671684,0.6918158843985571,0.6727973734799231,0.6895317191178694,0.6814588418256041
RandomForestClassifier,codrug_w,original,all_in_one,Stratified,0.8867450914746096,0.005981404214987001,0.8925416333671728,0.8743709095621746,0.8842554593170183,0.8922014385381343,0.8940644102209646,0.8819577942415275,0.8850519472104025,0.8930276259800851,0.8827434822990691,0.887236214009547
MLPClassifier,codrug_w,original,all_in_one,Stratified,0.5001757673283367,0.002383569416679759,0.5,0.4985798215867119,0.5020249692204679,0.49555316759185264,0.5046979285914853,0.49891461649782926,0.4985798215867119,0.5014201784132881,0.5019871697950191,0.5
LinearSVC,codrug_w,original,all_in_one,Stratified,0.2668026545996501,0.021805465786668372,0.2782523705639674,0.2938824329870186,0.25485722617016215,0.23834427716698706,0.28785612458690624,0.2419028230770892,0.25561051472017626,0.2957265049571246,0.2812979242715511,0.24029634749551806
GaussianNB,codrug_w,original,all_in_one,LODO,0.35896764369181594,5.551115123125783e-17,0.3589676436918159,0.3589676436918159,0.3589676436918159,0.3589676436918159,0.3589676436918159,0.3589676436918159,0.3589676436918159,0.3589676436918159,0.3589676436918159,0.3589676436918159
KNeighborsClassifier,codrug_w,original,all_in_one,LODO,0.5903190271507872,0.0,0.5903190271507872,0.5903190271507872,0.5903190271507872,0.5903190271507872,0.5903190271507872,0.5903190271507872,0.5903190271507872,0.5903190271507872,0.5903190271507872,0.5903190271507872
DecisionTreeClassifier,codrug_w,original,all_in_one,LODO,0.653579605589995,0.014457017515840003,0.6490323347085124,0.6267360736116812,0.6570134133961163,0.6724139793075145,0.6313044041730566,0.6718253882540984,0.6564032226710154,0.6655614834654513,0.6523802838196858,0.6531254724928182
RandomForestClassifier,codrug_w,original,all_in_one,LODO,0.7424703544506123,0.014264888511349912,0.7436334967708491,0.7274310430481457,0.7247175842927186,0.7396753569345745,0.7501754973324405,0.7403422467978488,0.7267479534311078,0.756990193749055,0.7734788431215847,0.7415113290277988
MLPClassifier,codrug_w,original,all_in_one,LODO,0.4824313670432209,0.041645232151956216,0.4721904227055749,0.5346026740393546,0.54497051644815,0.5063287038037022,0.4120677365704042,0.4399961120590966,0.4940330906970214,0.4300008639868674,0.5013823789878394,0.4887411711341988
LinearSVC,codrug_w,original,all_in_one,LODO,0.2813951227941335,0.03845912678368434,0.28245890662461937,0.32361168110244726,0.26358619348985896,0.2840680821651511,0.3129306434542195,0.28315549603646023,0.2117577812817245,0.3499092813789231,0.2639479879905825,0.23852517441734886
GaussianNB,codrug_w,original,all_in_one,LOEO,0.12518629716828306,2.7755575615628914e-17,0.12518629716828303,0.12518629716828303,0.12518629716828303,0.12518629716828303,0.12518629716828303,0.12518629716828303,0.12518629716828303,0.12518629716828303,0.12518629716828303,0.12518629716828303
KNeighborsClassifier,codrug_w,original,all_in_one,LOEO,0.5692674471348036,0.0,0.5692674471348036,0.5692674471348036,0.5692674471348036,0.5692674471348036,0.5692674471348036,0.5692674471348036,0.5692674471348036,0.5692674471348036,0.5692674471348036,0.5692674471348036
DecisionTreeClassifier,codrug_w,original,all_in_one,LOEO,0.6377346264336781,0.012140177038290406,0.6352355444197249,0.6196999805602954,0.6412510529839947,0.6401656694818239,0.6459327818217163,0.6436702162127135,0.6372929131477201,0.6524234831630559,0.6496857247769834,0.6119888977687539
RandomForestClassifier,codrug_w,original,all_in_one,LOEO,0.8580523576041644,0.002285887371295439,0.8582251549776443,0.8577364624057714,0.8570533727887336,0.8593780374538306,0.8591080415577683,0.8538917208458431,0.862245393870013,0.8580496576452039,0.8599234291638768,0.8549123053329589
MLPClassifier,codrug_w,original,all_in_one,LOEO,0.4945574227271746,0.029123412092253692,0.4667230058103117,0.4794587122275742,0.49063654232455667,0.4426258720867443,0.5309361297708275,0.5020087694667041,0.5054782167311057,0.4772555457157051,0.5019007711082791,0.5485506620299372
LinearSVC,codrug_w,original,all_in_one,LOEO,0.2838267058340713,0.03268745529800125,0.23868987191394692,0.295659005983109,0.2568443959651813,0.22751744173488564,0.3166862863684472,0.2848105708793226,0.3249589606237985,0.2807228330129382,0.28586355487396586,0.3265141369851178
GaussianNB,codrug_w,standardization,all_in_one,Standard,0.6449375769488304,0.011499040657802509,0.6392557833120938,0.6489756355703393,0.6605125602090849,0.6640711061191871,0.6395716785104866,0.6414454500291595,0.6369203188111542,0.6354785407261809,0.6266118754994923,0.6565328207011254
KNeighborsClassifier,codrug_w,standardization,all_in_one,Standard,0.6977155647234161,0.006268537979476718,0.6967244097889713,0.6934952588720652,0.7089039246603452,0.7098543102144848,0.6912029937144956,0.6919724820182733,0.6961979177916495,0.6933467611292309,0.6992839708836426,0.6961736181610041
DecisionTreeClassifier,codrug_w,standardization,all_in_one,Standard,0.6929963064561419,0.014965895110114608,0.677003909540575,0.7086636283128497,0.7030099142493035,0.6839914033306693,0.6948236386806921,0.718658876385079,0.6730457697043005,0.7014493379700628,0.6726839752035769,0.69663261118431
RandomForestClassifier,codrug_w,standardization,all_in_one,Standard,0.8878353349029094,0.003684231955317815,0.889806574940061,0.8891585847895112,0.8839179644469404,0.8943479059118301,0.8892152839276843,0.8904464652137287,0.8833725727368943,0.8902817677171306,0.8820603926820313,0.8857458366632827
MLPClassifier,codrug_w,standardization,all_in_one,Standard,0.8545262112015898,0.006869439317842692,0.855687193554658,0.8576257640883858,0.8460159405577035,0.8496014860574119,0.8605309199300171,0.8609143141024256,0.8471283236494803,0.8437155755232519,0.8633334773311445,0.8607091172214183
LinearSVC,codrug_w,standardization,all_in_one,Standard,0.8001555176361318,0.008281676786628039,0.8072229302114609,0.8045067714970732,0.812158455191481,0.7991446530012742,0.8008024278030973,0.8049009655053243,0.7976218761474826,0.7884852150247317,0.7830150981705077,0.8036967838088862
GaussianNB,codrug_w,standardization,all_in_one,Stratified,0.6463631552800397,0.009757376170434125,0.6376574076074044,0.6447879992224118,0.6643465019331707,0.6385321943106466,0.6550586431086247,0.6333509730652094,0.659348877897056,0.6397498758018878,0.6492672311380867,0.6415318487158996
KNeighborsClassifier,codrug_w,standardization,all_in_one,Stratified,0.7054066678186492,0.00867962615104051,0.7092954187096356,0.6954365293647538,0.7075566451389939,0.7079022398859537,0.7121897747154243,0.7196119618981791,0.7103538026222002,0.6881223405404238,0.6978664924293152,0.7057314728816122
DecisionTreeClassifier,codrug_w,standardization,all_in_one,Stratified,0.6939348121908547,0.01668011381836858,0.7071030520336091,0.7122815733200856,0.7142039441000497,0.6962708166835865,0.6548642460634598,0.7000021599671684,0.6900069118949392,0.6977179946864808,0.6880845411149751,0.6788128820441929
RandomForestClassifier,codrug_w,standardization,all_in_one,Stratified,0.8902920275611811,0.0025070905918313825,0.8851950450353154,0.8910593558977904,0.8885105946389615,0.8919098429703869,0.8935325183057218,0.8903789662397131,0.8887832904939845,0.888850789468,0.8942426075123657,0.8904572650495712
MLPClassifier,codrug_w,standardization,all_in_one,Stratified,0.8519434304598571,0.008060253303899145,0.8613031081927555,0.8419660021167678,0.8536082251549776,0.8581225565371406,0.8567563773030651,0.8450871546752489,0.8653206471261637,0.8498984815430807,0.8396926366719226,0.8476791152774479
LinearSVC,codrug_w,standardization,all_in_one,Stratified,0.8069842538393417,0.0075084583169521294,0.8106140786660043,0.8031891915242888,0.7924541546968485,0.8097230922089984,0.7969900857506965,0.8049171652590881,0.8060025487612588,0.8159383977363543,0.8136758321273517,0.8163379916625267
GaussianNB,codrug_w,standardization,all_in_one,LODO,0.532232110071927,0.0,0.532232110071927,0.532232110071927,0.532232110071927,0.532232110071927,0.532232110071927,0.532232110071927,0.532232110071927,0.532232110071927,0.532232110071927,0.532232110071927
KNeighborsClassifier,codrug_w,standardization,all_in_one,LODO,0.6224647385359743,0.0,0.6224647385359743,0.6224647385359743,0.6224647385359743,0.6224647385359743,0.6224647385359743,0.6224647385359743,0.6224647385359743,0.6224647385359743,0.6224647385359743,0.6224647385359743
DecisionTreeClassifier,codrug_w,standardization,all_in_one,LODO,0.65937533749487,0.012785037571715988,0.6486921398794739,0.6434920189213124,0.6628939240123549,0.6767339136445126,0.6863889668877033,0.6474933581009569,0.6584173920556408,0.6523802838196858,0.6626671274596625,0.6545942501673975
RandomForestClassifier,codrug_w,standardization,all_in_one,LODO,0.7427630300019439,0.010405886551051069,0.7509908849385489,0.7350152277685378,0.743533598289306,0.7263861589303842,0.747559237099596,0.7467816489189365,0.7477914335702098,0.7624711104391213,0.7391947642395834,0.7279062358252155
MLPClassifier,codrug_w,standardization,all_in_one,LODO,0.6483160355962589,0.013652871402329585,0.6358187355552196,0.6748763418796034,0.6319712940363306,0.6547346480333498,0.6527798777458583,0.657963798950256,0.6400927705898871,0.6596809728492126,0.646437674147353,0.6288042421755189
LinearSVC,codrug_w,standardization,all_in_one,LODO,0.6061559064302223,0.0006109586549769424,0.6060705877270667,0.6066969782059313,0.6058437911743741,0.6057735922413978,0.6048340065231008,0.6057033933084217,0.6063297837872863,0.6069507743482299,0.6065565803399788,0.606799576646435
GaussianNB,codrug_w,standardization,all_in_one,LOEO,0.5860422921571591,1.1102230246251565e-16,0.5860422921571592,0.5860422921571592,0.5860422921571592,0.5860422921571592,0.5860422921571592,0.5860422921571592,0.5860422921571592,0.5860422921571592,0.5860422921571592,0.5860422921571592
KNeighborsClassifier,codrug_w,standardization,all_in_one,LOEO,0.6042859148540941,1.1102230246251565e-16,0.6042859148540942,0.6042859148540942,0.6042859148540942,0.6042859148540942,0.6042859148540942,0.6042859148540942,0.6042859148540942,0.6042859148540942,0.6042859148540942,0.6042859148540942
DecisionTreeClassifier,codrug_w,standardization,all_in_one,LOEO,0.6398422143983412,0.01270062817619926,0.6225943365660843,0.6485787416031276,0.6388534894269607,0.6571484113441476,0.6205369678380889,0.6490755340518823,0.6319793939132126,0.6272976650754909,0.6496641251052984,0.6526934790591183
RandomForestClassifier,codrug_w,standardization,all_in_one,LOEO,0.8584133421171998,0.0025744852831089773,0.8634900749508608,0.8588596453333909,0.8554495971661231,0.8583223535002269,0.8570452729118517,0.8588785450461153,0.8554468972071624,0.8554036978637924,0.8596588331857355,0.861578504006739
MLPClassifier,codrug_w,standardization,all_in_one,LOEO,0.7959484415836879,0.00841389721464355,0.8030028943560058,0.7910177765297968,0.7949030174741345,0.7998250426593514,0.8019553102792837,0.8091129014838974,0.7835739896753569,0.8008159275979005,0.7944737239993952,0.780803831781757
LinearSVC,codrug_w,standardization,all_in_one,LOEO,0.7455612674687345,0.0012182578649158945,0.7467060500680389,0.7452912715726722,0.7449726764153185,0.7434714992332117,0.7482288269218308,0.7448106788776812,0.744918677236106,0.7451508737067196,0.7461768581117568,0.7458852625440093
GaussianNB,addition_w_o,original,all_in_one,Standard,0.6340643022226062,0.005904373546015353,0.6388075901246302,0.6426361319307947,0.6365747240641942,0.6407353608225155,0.6232801261420826,0.6355271399874722,0.6353057433527011,0.626679374473508,0.6294090329826987,0.6316877983454652
KNeighborsClassifier,addition_w_o,original,all_in_one,Standard,0.6072998790418385,0.008701746658194572,0.5863770870682766,0.6206557660323564,0.6086463485755016,0.6062649847722315,0.6141299652245286,0.612885284143681,0.6012754606129986,0.6115245048275265,0.605098602501242,0.6061407866600428
DecisionTreeClassifier,addition_w_o,original,all_in_one,Standard,0.6779602350044279,0.016002371263856497,0.6683424411948937,0.6951854331814157,0.660517960127006,0.6821824308270513,0.6903687063956627,0.6712367972006825,0.6597943711255588,0.6705132081992353,0.669066030196341,0.7123949715964317
RandomForestClassifier,addition_w_o,original,all_in_one,Standard,0.8850505972309219,0.0024948048139904534,0.8850141477849536,0.8846172538177419,0.8820441929282674,0.8906948614381062,0.8847657515605762,0.8833941724085793,0.885643238222779,0.8837235674017755,0.8824680864850853,0.888140700261356
MLPClassifier,addition_w_o,original,all_in_one,Standard,0.8606545780504135,0.006418571249892967,0.8600773268246322,0.8518586517484933,0.8685497980430698,0.8549528047173682,0.8563945828023414,0.8610169125429292,0.8652288485215025,0.8540888178499687,0.8612005097522517,0.873177527701579
LinearSVC,addition_w_o,original,all_in_one,Standard,0.8695239432360629,0.006301377619337291,0.8753482947059205,0.8536514244983476,0.8646348575501653,0.8739119165388686,0.8750296995485669,0.8672592176598916,0.8692787869624382,0.8698619780979329,0.8749217011901419,0.8713415556083548
GaussianNB,addition_w_o,original,all_in_one,Stratified,0.6227269045510508,0.0155189292995552,0.6100962265373565,0.6298194267447135,0.6458598829297795,0.5961725381774197,0.6238741171134199,0.6137492710110807,0.6416425470332852,0.6055683953603905,0.6376979069918137,0.6227887336112491
KNeighborsClassifier,addition_w_o,original,all_in_one,Stratified,0.6098780698533381,0.007381380150670614,0.6103851221461434,0.617248417824049,0.6127853856621379,0.612210294403525,0.6118700995744865,0.6183446011620622,0.6089919433224614,0.6109791131174805,0.6055899950320756,0.5903757262889605
DecisionTreeClassifier,addition_w_o,original,all_in_one,Stratified,0.6809409896969567,0.011577973685986627,0.6918158843985571,0.6877227466142515,0.6919292826749034,0.6949370369570382,0.6613549474047995,0.6878361448905976,0.6851901851091863,0.6665334686912759,0.6729107717562693,0.6691794284726872
RandomForestClassifier,addition_w_o,original,all_in_one,Stratified,0.8847220122254141,0.0053406806826992725,0.8866962222174223,0.8797708274834222,0.883461671382595,0.8802703198911378,0.8828082813141239,0.8823357884960149,0.8904194656241224,0.8927090308227316,0.8763256798496664,0.8924228351729053
MLPClassifier,addition_w_o,original,all_in_one,Stratified,0.859820830723373,0.007082216334569956,0.8622588936648163,0.8658066397390759,0.8609575134457955,0.8731127286865239,0.8564755815711601,0.85409421776789,0.8467989286562845,0.8641812644447804,0.8530088342657192,0.8615137049916841
LinearSVC,addition_w_o,original,all_in_one,Stratified,0.8699084173920557,0.006833270099650098,0.8795008315873598,0.8572639695876622,0.8680206060867875,0.8631930794651921,0.876952070328531,0.8693381860595719,0.8666004276734994,0.866632827181027,0.8793658336393286,0.8722163423115968
GaussianNB,addition_w_o,original,all_in_one,LODO,0.540067390975657,1.1102230246251565e-16,0.5400673909756571,0.5400673909756571,0.5400673909756571,0.5400673909756571,0.5400673909756571,0.5400673909756571,0.5400673909756571,0.5400673909756571,0.5400673909756571,0.5400673909756571
KNeighborsClassifier,addition_w_o,original,all_in_one,LODO,0.5971472233622049,0.0,0.5971472233622049,0.5971472233622049,0.5971472233622049,0.5971472233622049,0.5971472233622049,0.5971472233622049,0.5971472233622049,0.5971472233622049,0.5971472233622049,0.5971472233622049
DecisionTreeClassifier,addition_w_o,original,all_in_one,LODO,0.6177165907078213,0.0189761581249013,0.6356189385921335,0.6160172365380047,0.6375899086333887,0.5968205283279694,0.6298086269088711,0.6237715186729161,0.6379517031341123,0.6237931183446012,0.5835205304879365,0.592273797438279
RandomForestClassifier,addition_w_o,original,all_in_one,LODO,0.7339962632567986,0.010207977130288471,0.7188505734712832,0.7300068038965808,0.7353716223513403,0.7429612069896536,0.7317131779596951,0.7197982590664622,0.7563098040909777,0.733500550791628,0.7343942372075944,0.7370563967427695
MLPClassifier,addition_w_o,original,all_in_one,LODO,0.7136877119467784,0.009003966089282374,0.7101270060695077,0.7023511242629112,0.7040304987364192,0.7070436529364753,0.721407434606994,0.7075998444823639,0.7205542475754368,0.7169903017474134,0.7136585523900036,0.7331144566602588
LinearSVC,addition_w_o,original,all_in_one,LODO,0.7569788539214203,0.0025661978071836945,0.7615882238589973,0.7550705229280514,0.758726267360736,0.7557131131606799,0.7546439294122729,0.7581376763073201,0.7540391386050932,0.7591420610406722,0.7535855454997084,0.7591420610406721
GaussianNB,addition_w_o,original,all_in_one,LOEO,0.5023597641315851,1.1102230246251565e-16,0.5023597641315852,0.5023597641315852,0.5023597641315852,0.5023597641315852,0.5023597641315852,0.5023597641315852,0.5023597641315852,0.5023597641315852,0.5023597641315852,0.5023597641315852
KNeighborsClassifier,addition_w_o,original,all_in_one,LOEO,0.5745728664924294,1.1102230246251565e-16,0.5745728664924293,0.5745728664924293,0.5745728664924293,0.5745728664924293,0.5745728664924293,0.5745728664924293,0.5745728664924293,0.5745728664924293,0.5745728664924293,0.5745728664924293
DecisionTreeClassifier,addition_w_o,original,all_in_one,LOEO,0.6179579670389009,0.03996732549137219,0.5940557703522906,0.6068103764822774,0.569091949802363,0.5899410328963,0.6765989156964815,0.6490107350368274,0.6130526815992396,0.6972914011707022,0.5884938548934056,0.5952329524591227
RandomForestClassifier,addition_w_o,original,all_in_one,LOEO,0.8548639760675638,0.0030566937503273277,0.8544290126790073,0.8497283841285612,0.8552821997105644,0.8521367475214375,0.8549231051688014,0.8594428364688855,0.8533166295872302,0.8597695315031211,0.8523743439099724,0.857236969998056
MLPClassifier,addition_w_o,original,all_in_one,LOEO,0.6465127330064583,0.0052906334546575454,0.6559226299760244,0.6457599844482362,0.64893513618593,0.6411106551180421,0.6424768343521178,0.6527690779100157,0.6449121973346005,0.6506901095103355,0.6448419984016243,0.6377087068276562
LinearSVC,addition_w_o,original,all_in_one,LOEO,0.7298124068514158,0.0030734246103128926,0.7289889193684256,0.7262349612285893,0.7376233881245005,0.72732034473076,0.7295667105859991,0.7314512819405146,0.7313540834179321,0.7295667105859991,0.7269909497375641,0.7290267187938744
GaussianNB,addition_w_o,standardization,all_in_one,Standard,0.6384962848564701,0.007831351957516393,0.6325517852128648,0.6559091301812212,0.6371309156100828,0.6258882864980453,0.6413968507678682,0.643910512560209,0.6408082597144523,0.6403843661576344,0.6305592154999244,0.6364235263623994
KNeighborsClassifier,addition_w_o,standardization,all_in_one,Standard,0.6805956649458927,0.008730321290456105,0.6836350087478671,0.6660690757500487,0.6874149512927403,0.6731402682679223,0.6763235198824977,0.7000885586539084,0.6836269088709852,0.6749951400738708,0.6810106486381406,0.679652569280947
DecisionTreeClassifier,addition_w_o,standardization,all_in_one,Standard,0.6806061947858393,0.014297993067908236,0.6786994837678468,0.6780892930427458,0.6762803205391278,0.6756917294857118,0.6542540553383589,0.6921776788992806,0.7123949715964317,0.6873609521135279,0.670264811974858,0.6808486511005033
RandomForestClassifier,addition_w_o,standardization,all_in_one,Standard,0.8827181026848392,0.0036187732759549412,0.8797222282221311,0.8824977860336523,0.8876871071559713,0.8762500809987689,0.8853786422446379,0.8840745620666566,0.8780752532561504,0.8830404777847376,0.8827542821349116,0.8877006069507742
MLPClassifier,addition_w_o,standardization,all_in_one,Standard,0.8513775190617101,0.006876776900527876,0.8545640106270385,0.8508866665226688,0.850562671447394,0.8541860163725511,0.8326241441130094,0.8515022571656912,0.8536352247445839,0.8608765146769769,0.8539754195736224,0.8509622653735663
LinearSVC,addition_w_o,standardization,all_in_one,Standard,0.8347506317903968,0.009659230269429853,0.8381050608030758,0.8340065231008489,0.8494988876169082,0.8353727023349244,0.8099876881871396,0.8295245912262134,0.8389204484091842,0.8354537011037432,0.8351999049614445,0.8414368101604858
GaussianNB,addition_w_o,standardization,all_in_one,Stratified,0.6408733287254034,0.007161848912188968,0.633475171177398,0.6295845303151392,0.6381353003434348,0.6413698511782621,0.6561818260362442,0.6402223686199969,0.6448500982785061,0.6353678424087955,0.6423553361988898,0.6471909626973671
KNeighborsClassifier,addition_w_o,standardization,all_in_one,Stratified,0.6877051968810075,0.009897952204084777,0.6761129230835691,0.6997780633734366,0.6876741473529602,0.6930605654794049,0.7008607469166468,0.6925934725792169,0.6668898632740783,0.6855465796919886,0.6914864894053611,0.6830491176534117
DecisionTreeClassifier,addition_w_o,standardization,all_in_one,Stratified,0.67067196578612,0.015281154289407784,0.6810970473248806,0.6658098796898287,0.6729107717562693,0.6961358187355552,0.6930146661770742,0.6554528371168757,0.6759185260384042,0.6628021254076938,0.6546158498390826,0.6489621357755362
RandomForestClassifier,addition_w_o,standardization,all_in_one,Stratified,0.8827199926561116,0.0047187582254983275,0.8831889755275719,0.8893907812601248,0.8779186556364342,0.8869743179903666,0.8738903168671837,0.8821413914508499,0.8798815258008078,0.885635138345897,0.8797195282631703,0.8884592954187096
MLPClassifier,addition_w_o,standardization,all_in_one,Stratified,0.8551428818281963,0.007524642844741564,0.8568697755794111,0.8429595870142774,0.8650830507376288,0.865785040067391,0.8498120828563406,0.8468097284921269,0.8492558913104521,0.8592943387260514,0.8533598289306003,0.8621994945676826
LinearSVC,addition_w_o,standardization,all_in_one,Stratified,0.8340562023457243,0.012686194124439667,0.8446335615698642,0.8466639307082534,0.8604715208328834,0.8284068082165152,0.8182711622783334,0.8270136293928332,0.8378404648249346,0.8291843963971747,0.8300105838391256,0.818065965397326
GaussianNB,addition_w_o,standardization,all_in_one,LODO,0.5210380802211807,0.0,0.5210380802211807,0.5210380802211807,0.5210380802211807,0.5210380802211807,0.5210380802211807,0.5210380802211807,0.5210380802211807,0.5210380802211807,0.5210380802211807,0.5210380802211807
KNeighborsClassifier,addition_w_o,standardization,all_in_one,LODO,0.6237013197399398,0.0,0.6237013197399398,0.6237013197399398,0.6237013197399398,0.6237013197399398,0.6237013197399398,0.6237013197399398,0.6237013197399398,0.6237013197399398,0.6237013197399398,0.6237013197399398
DecisionTreeClassifier,addition_w_o,standardization,all_in_one,LODO,0.6068978551526018,0.02398528911796195,0.643330021383675,0.5748374624705704,0.6058383912564529,0.6234367237617988,0.5914800095038556,0.5722833012938204,0.586301488217379,0.6269142709030824,0.608327753418148,0.6362291293172343
RandomForestClassifier,addition_w_o,standardization,all_in_one,LODO,0.7365369246387454,0.016507383183114614,0.7131077607620365,0.7378744843078384,0.758855865390846,0.7484340238028382,0.7071948506382704,0.7245258872065143,0.7492440114910253,0.7337381471801628,0.7368862993282502,0.7555079162796724
MLPClassifier,addition_w_o,standardization,all_in_one,LODO,0.6466928202691319,0.017947884138892416,0.6395176793312741,0.6538382616584228,0.6565436205369678,0.609189040326587,0.6468615677041708,0.6329513791390371,0.6706266064755816,0.6486084411516946,0.673515562563449,0.6352760438041342
LinearSVC,addition_w_o,standardization,all_in_one,LODO,0.6165772080264379,0.002874997694450109,0.6201319739939953,0.6152612480290299,0.6169136229129316,0.622178542886148,0.6168380240620343,0.6119726980149901,0.6182852020649287,0.6145538587813464,0.613738471175238,0.6158984383437371
GaussianNB,addition_w_o,standardization,all_in_one,LOEO,0.5819491543728537,1.1102230246251565e-16,0.5819491543728535,0.5819491543728535,0.5819491543728535,0.5819491543728535,0.5819491543728535,0.5819491543728535,0.5819491543728535,0.5819491543728535,0.5819491543728535,0.5819491543728535
KNeighborsClassifier,addition_w_o,standardization,all_in_one,LOEO,0.595359850530272,0.0,0.595359850530272,0.595359850530272,0.595359850530272,0.595359850530272,0.595359850530272,0.595359850530272,0.595359850530272,0.595359850530272,0.595359850530272,0.595359850530272
DecisionTreeClassifier,addition_w_o,standardization,all_in_one,LOEO,0.5970349050694429,0.012790818772402221,0.6201535736656802,0.5832019353305828,0.6088677452102728,0.5829535391062055,0.5974037194634642,0.5917716050716029,0.5870466768905113,0.5903028273970236,0.6164222303820982,0.5922251981769877
RandomForestClassifier,addition_w_o,standardization,all_in_one,LOEO,0.8547724474587985,0.0016958823729309937,0.8562406851415859,0.855938289737996,0.8519666501069183,0.8572099704084497,0.8549204052098408,0.8558410912154135,0.8553064993412101,0.8535812255653715,0.8518478519126509,0.8548718059485497
MLPClassifier,addition_w_o,standardization,all_in_one,LOEO,0.7906802816597188,0.006072482854320885,0.7971088839449642,0.7951109143141024,0.7916279672548977,0.7949219171868588,0.7899431928634685,0.7856448581981554,0.7804069378145452,0.7985344622761735,0.7924487547789273,0.7810549279650949
LinearSVC,addition_w_o,standardization,all_in_one,LOEO,0.7639474479987904,0.0034966196471116224,0.7668693435859775,0.7596064539818994,0.7647525757608487,0.768732315268808,0.7599250491392531,0.7672581376763072,0.758461671382595,0.7624792103160032,0.7674039354601809,0.7639857874160313
GaussianNB,addition_w,original,all_in_one,Standard,0.45686491565328213,0.017363401556902663,0.47399669525023214,0.470689245523468,0.44120029375553493,0.46898557141931446,0.447909691772685,0.4380602414843295,0.455388578093613,0.457440546903687,0.4866514028986759,0.4283268894312806
KNeighborsClassifier,addition_w,original,all_in_one,Standard,0.7316618787394431,0.007736034154458629,0.7295586107091172,0.7255923709959609,0.7169687020757284,0.74155992828909,0.7283490290947577,0.7430395057995118,0.7308275914206105,0.7333925524332031,0.7269126509277059,0.7404178456487461
DecisionTreeClassifier,addition_w,original,all_in_one,Standard,0.6963523554441972,0.011955358388158591,0.6761669222627816,0.6869991576128043,0.7078266410350563,0.6971078039613798,0.6848283906084627,0.6914540898978335,0.7042086960278203,0.7138421495993261,0.6895317191178694,0.7115579843186383
RandomForestClassifier,addition_w,original,all_in_one,Standard,0.8917070760524439,0.003581355563674635,0.8929439272523056,0.8908271594271768,0.890165669481824,0.8863371276756594,0.8964781735317623,0.890300667429855,0.8889830874570707,0.8880273019850098,0.8952739918353241,0.8977336544484524
MLPClassifier,addition_w,original,all_in_one,Standard,0.4827094628161651,0.006960324325124503,0.4767317536773441,0.49586096291336373,0.4808194915437285,0.4792292157159211,0.4769342505993909,0.4738967967686891,0.4884819750739789,0.47800343434779796,0.4920999200812148,0.48503682744022286
LinearSVC,addition_w,original,all_in_one,Standard,0.614820074734864,0.028022167179107216,0.6563978227530941,0.5775482212670368,0.6044182128431648,0.6238822169903017,0.6292713350757069,0.5700801347819513,0.62504319934337,0.6509385057347128,0.6245950061559065,0.5860260924033954
GaussianNB,addition_w,original,all_in_one,Stratified,0.4941211093591377,0.007087645415268782,0.49319070350130684,0.49949780763332396,0.5009179860466121,0.48761798820657926,0.4977671339395641,0.5006155906430222,0.4961633583169536,0.49356059787891227,0.4956935654578051,0.47618636196729813
KNeighborsClassifier,addition_w,original,all_in_one,Stratified,0.7381050608030757,0.006099826757150962,0.7414546298896256,0.7386277728578526,0.7495626066483789,0.7366190033911485,0.7288863209279219,0.7412413331317363,0.7339460440201309,0.7415437285353262,0.7408444391645247,0.7283247294641121
DecisionTreeClassifier,addition_w,original,all_in_one,Stratified,0.6813071041320172,0.00938143903085013,0.6809836490485345,0.6786994837678468,0.6880845411149751,0.6862755686113572,0.6788128820441929,0.6891699246171459,0.6825442253277749,0.6612415491284532,0.6709884009763052,0.6962708166835865
RandomForestClassifier,addition_w,original,all_in_one,Stratified,0.8914859494135688,0.004407440661801699,0.8978848521502474,0.8905031643519018,0.8919746419854419,0.8880084022722855,0.8983195455429076,0.8917397455558677,0.8928791282372508,0.8839125645290191,0.8860509320258332,0.8935865174849342
MLPClassifier,addition_w,original,all_in_one,Stratified,0.4780355638594293,0.012028860691461543,0.4603862021297276,0.46657990798539867,0.4841431410242565,0.48505842711190783,0.48171857787761624,0.49165172689375125,0.45644426204721683,0.48084379117437415,0.49355249800203044,0.4799771043480139
LinearSVC,addition_w,original,all_in_one,Stratified,0.6000197097004125,0.029643635366019036,0.6219706460461801,0.6187360952113528,0.5787632027993176,0.6256182906019827,0.5369705380478217,0.5701935330582976,0.6105768192323476,0.6228211331187766,0.5823055489556559,0.632241289932393
GaussianNB,addition_w,original,all_in_one,LODO,0.35827645419789617,0.0,0.35827645419789617,0.35827645419789617,0.35827645419789617,0.35827645419789617,0.35827645419789617,0.35827645419789617,0.35827645419789617,0.35827645419789617,0.35827645419789617,0.35827645419789617
KNeighborsClassifier,addition_w,original,all_in_one,LODO,0.6028603365228848,0.0,0.6028603365228848,0.6028603365228848,0.6028603365228848,0.6028603365228848,0.6028603365228848,0.6028603365228848,0.6028603365228848,0.6028603365228848,0.6028603365228848,0.6028603365228848
DecisionTreeClassifier,addition_w,original,all_in_one,LODO,0.6892147439358922,0.017124566713350154,0.6993487698986975,0.6564950212756766,0.6841048016070156,0.6973346005140721,0.7201762533209496,0.6728459727412143,0.7013413396116379,0.694213447955591,0.6930146661770742,0.6732725662569929
RandomForestClassifier,addition_w,original,all_in_one,LODO,0.7359426636715122,0.010428707591736128,0.7305926949910362,0.7306250944985636,0.7275903406268225,0.7338893448819577,0.7271232477266345,0.7217773289845993,0.7429288074821262,0.7569739939952912,0.7385548739659158,0.7493709095621747
MLPClassifier,addition_w,original,all_in_one,LODO,0.46737396591571806,0.02940616042779598,0.44759379657429205,0.4983530250340195,0.45998660820355536,0.4113036481845475,0.490339546838888,0.5030455537075836,0.430419357625764,0.4599002095168154,0.47766593947771996,0.4951319739939953
LinearSVC,addition_w,original,all_in_one,LODO,0.612655787632028,0.049928876317260125,0.664940492904508,0.659686372767134,0.5844061170270212,0.5439337322072705,0.5483346653130873,0.6125504892325635,0.6233233254854527,0.6029062358252154,0.5790277987774586,0.707448646780569
GaussianNB,addition_w,original,all_in_one,LOEO,0.12503779942544874,0.0,0.12503779942544874,0.12503779942544874,0.12503779942544874,0.12503779942544874,0.12503779942544874,0.12503779942544874,0.12503779942544874,0.12503779942544874,0.12503779942544874,0.12503779942544874
KNeighborsClassifier,addition_w,original,all_in_one,LOEO,0.7482126271680671,1.1102230246251565e-16,0.748212627168067,0.748212627168067,0.748212627168067,0.748212627168067,0.748212627168067,0.748212627168067,0.748212627168067,0.748212627168067,0.748212627168067,0.748212627168067
DecisionTreeClassifier,addition_w,original,all_in_one,LOEO,0.6419530423137567,0.030350402556545183,0.6889917273257447,0.608959543814934,0.6444856038188219,0.6145214592738191,0.7004341534008683,0.6308940104110418,0.6509979048318466,0.6136628723243407,0.6502743158303994,0.6163088321057519
RandomForestClassifier,addition_w,original,all_in_one,LOEO,0.8560190185109186,0.0023107599829213514,0.8549366049636045,0.8603095232952459,0.8575528651964489,0.8558005918310041,0.8587273473443204,0.8520827483422253,0.8566888783290493,0.8558464911333348,0.8534462276173401,0.8547989070566127
MLPClassifier,addition_w,original,all_in_one,LOEO,0.4764787675227337,0.03582926382039507,0.4564874613905868,0.5423596561332268,0.4983881245005076,0.4699062574248871,0.42730090502624357,0.4404362053696784,0.44845778344169174,0.49143573017690134,0.4621357755362119,0.5278797762274015
LinearSVC,addition_w,original,all_in_one,LOEO,0.6257468086485086,0.022291656638817537,0.6479604510011447,0.6239416160874355,0.6482844460764197,0.6029143357020974,0.5899599326090244,0.6421501393178823,0.590343326781433,0.6430303259390457,0.624692204678489,0.644191308292114
GaussianNB,addition_w,standardization,all_in_one,Standard,0.6505896710370002,0.01037328686680812,0.6664146704970084,0.654102857636564,0.6367232218070286,0.6522830852971035,0.6459111821500313,0.6321521912866924,0.6555122362140096,0.6608851545456509,0.6430249260211246,0.6588871849147893
KNeighborsClassifier,addition_w,standardization,all_in_one,Standard,0.6978381428602286,0.010687241674128063,0.6990274747823834,0.6967946087219474,0.6895101194461845,0.7165934077802019,0.6904281054927967,0.6975829967384495,0.710677797697475,0.708912024537227,0.6872907531805516,0.6815641402250686
DecisionTreeClassifier,addition_w,standardization,all_in_one,Standard,0.6962551569216148,0.008549741884857536,0.7093872173142968,0.6960224204592089,0.6948236386806921,0.6900069118949392,0.6906171026200402,0.7134803550986024,0.6948236386806921,0.6949370369570382,0.6826576236041213,0.6957956239065165
RandomForestClassifier,addition_w,standardization,all_in_one,Standard,0.8887946303216191,0.0026569985419030422,0.8881515000971986,0.8846037540229389,0.8919206428062294,0.8896904767047542,0.8881676998509623,0.8896958766226752,0.8852139447480398,0.8864235263623993,0.8928575285655658,0.8912213534354279
MLPClassifier,addition_w,standardization,all_in_one,Standard,0.8572985290623583,0.007864416879394393,0.8630202820917121,0.8627826857031772,0.8545046115299049,0.8617243017906129,0.8626098883296974,0.8605201200941746,0.8594725360174525,0.8517722530617534,0.8603743223103009,0.8362042896947967
LinearSVC,addition_w,standardization,all_in_one,Standard,0.8278894960796596,0.01042387287834386,0.8148962135775535,0.8429811866859624,0.829060198284986,0.8201827332224549,0.8295299911441346,0.8339903233470851,0.8307449726764152,0.8091939002527162,0.842905587835065,0.8254098537702226
GaussianNB,addition_w,standardization,all_in_one,Stratified,0.6486068211763182,0.014848333132495357,0.6634177160507161,0.6234583234334838,0.6502797157483207,0.6736478605525197,0.6543863533274294,0.6549722444218847,0.637703306909735,0.6261204829686589,0.6535682657623605,0.6485139425880728
KNeighborsClassifier,addition_w,standardization,all_in_one,Stratified,0.6888175799727845,0.011904906376497148,0.6819070350130678,0.6920993800894227,0.7026265200768949,0.6688986327407823,0.6669654621249756,0.7016140354666609,0.6922505777912176,0.6947102404043459,0.6891537248633821,0.6979501911570943
DecisionTreeClassifier,addition_w,standardization,all_in_one,Stratified,0.6954003499146812,0.01196299571233041,0.6943484459036222,0.6965192129079638,0.6822958291033977,0.6912056936734562,0.6885597338920447,0.7257597684515195,0.6933764606777978,0.6900069118949392,0.68507678683284,0.7068546558092317
RandomForestClassifier,addition_w,standardization,all_in_one,Stratified,0.888478195131434,0.0036382761982165896,0.8886833920124414,0.8861427306304943,0.8929790267187938,0.8854947404799447,0.8897957751042184,0.8939672116983822,0.8826678834481715,0.8908055597554917,0.8837316672786575,0.8905139641877442
MLPClassifier,addition_w,standardization,all_in_one,Stratified,0.8545035315463206,0.011432562271757294,0.8554117977406743,0.8432511825820247,0.8617405015443764,0.8526686394366806,0.8659686372767135,0.8681826036244249,0.8398816337991662,0.8360152925675528,0.8518370520768084,0.8700779748147829
LinearSVC,addition_w,standardization,all_in_one,Stratified,0.8301693414260102,0.011005314692051833,0.8271702270125494,0.8253612545089314,0.8126552476402358,0.8370574767263538,0.8244486683802407,0.8137622308140917,0.8409778171371795,0.8320841523208846,0.8468259282458906,0.8413504114737455
GaussianNB,addition_w,standardization,all_in_one,LODO,0.5325939045726503,1.1102230246251565e-16,0.5325939045726504,0.5325939045726504,0.5325939045726504,0.5325939045726504,0.5325939045726504,0.5325939045726504,0.5325939045726504,0.5325939045726504,0.5325939045726504,0.5325939045726504
KNeighborsClassifier,addition_w,standardization,all_in_one,LODO,0.6245815063611033,0.0,0.6245815063611033,0.6245815063611033,0.6245815063611033,0.6245815063611033,0.6245815063611033,0.6245815063611033,0.6245815063611033,0.6245815063611033,0.6245815063611033,0.6245815063611033
DecisionTreeClassifier,addition_w,standardization,all_in_one,LODO,0.6703479707108452,0.01652766670322167,0.6731591679806467,0.6859137741106335,0.660409961768581,0.6703350109078342,0.6547994470484049,0.6637093116184635,0.6646110979113118,0.6576722033825085,0.6601129662829124,0.7127567660971553
RandomForestClassifier,addition_w,standardization,all_in_one,LODO,0.7402922975570772,0.011100313416859464,0.7404367453614706,0.7267371535952653,0.7410712357172171,0.751277080588375,0.7302498002030369,0.7499406009028663,0.7501700974145192,0.7444839838434455,0.7507964878933839,0.7177597900511912
MLPClassifier,addition_w,standardization,all_in_one,LODO,0.6452866816424391,0.017252033306120105,0.6710154005659114,0.652558481111087,0.6233935244184289,0.6494184288398817,0.6470802643799815,0.647979350713869,0.6655614834654513,0.6482466466509709,0.6094536363047282,0.6381595999740803
LinearSVC,addition_w,standardization,all_in_one,LODO,0.6184887789705596,0.004301730015114665,0.615590643022226,0.6223405404237855,0.6198187787545629,0.6102447242801909,0.617923407564205,0.6171890187269153,0.6195325831047368,0.6235447221202237,0.6137870704365294,0.6249163012722206
GaussianNB,addition_w,standardization,all_in_one,LOEO,0.5897736354407412,0.0,0.5897736354407412,0.5897736354407412,0.5897736354407412,0.5897736354407412,0.5897736354407412,0.5897736354407412,0.5897736354407412,0.5897736354407412,0.5897736354407412,0.5897736354407412
KNeighborsClassifier,addition_w,standardization,all_in_one,LOEO,0.6023608441151695,1.1102230246251565e-16,0.6023608441151694,0.6023608441151694,0.6023608441151694,0.6023608441151694,0.6023608441151694,0.6023608441151694,0.6023608441151694,0.6023608441151694,0.6023608441151694,0.6023608441151694
DecisionTreeClassifier,addition_w,standardization,all_in_one,LOEO,0.6347101324059874,0.03324944901754067,0.5968151284100481,0.6149750523792038,0.708847225522172,0.6301488217379095,0.6422932371427954,0.6391936842559993,0.6798550662029937,0.6129392833228935,0.611378707043653,0.6106551180422057
RandomForestClassifier,addition_w,standardization,all_in_one,LOEO,0.8596024040434586,0.003042078507700952,0.862590988616973,0.8570938721731429,0.861621703350109,0.8602501241981122,0.8599126293280341,0.8578822601896452,0.8651073503682745,0.8535704257295288,0.860080026783593,0.8579146596971725
MLPClassifier,addition_w,standardization,all_in_one,LOEO,0.7938789230403698,0.006759189238105004,0.7885581139166683,0.7864737455990669,0.7937096356135386,0.7812466250512992,0.8036724841782404,0.8031891915242888,0.7967173898956736,0.7946816208393631,0.7983481651078905,0.7921922586776682
LinearSVC,addition_w,standardization,all_in_one,LOEO,0.7633842365596044,0.004360134258090789,0.7748801218221483,0.7615963237358793,0.7623253126552476,0.7659216579907986,0.7615639242283516,0.7605757392487634,0.760959133421172,0.7596739529559152,0.7603219431064647,0.7660242564313023
